Group,Importance,Percentage
OJIP,0.090109,51.34
Static_Ratio,0.026357,15.02
Static,0.024743,14.1
VI,0.019422,11.07
Multi,0.014887,8.48
