Model,Layer,R2,RMSE,Spearman,Pairwise_Acc,Hit@3,Hit@5
PLSR,Layer1,0.9361926675733127,0.03324219583881776,0.9780219780219779,0.9487179487179487,1.0,1.0
SVR,Layer1,0.42109474483471443,0.10012860265866838,0.9395604395604396,0.9102564102564102,1.0,0.8
Ridge,Layer2,0.9016776105555743,0.041264883331937494,0.9395604395604396,0.9102564102564102,0.6666666666666666,1.0
RF,Layer2,0.8508258993008133,0.0508277779080856,0.967032967032967,0.9487179487179487,1.0,1.0
CatBoost,Layer2,0.8673996313289027,0.04792109963932851,0.9780219780219779,0.9615384615384616,1.0,1.0
TabPFN,Layer3,0.9428595209174919,0.031457655211282055,1.0,1.0,1.0,1.0
