Model,Layer,R2,RMSE,Spearman,Pairwise_Acc,Hit@3,Hit@5
PLSR,Layer1,0.8570465277537702,0.04975672230126825,0.9230769230769231,0.8846153846153846,0.6666666666666666,1.0
SVR,Layer1,0.5118549098680426,0.09194515984347224,0.8956043956043955,0.8846153846153846,0.6666666666666666,0.8
Ridge,Layer2,0.8777438420337309,0.046013978069470725,0.9340659340659341,0.9230769230769231,1.0,1.0
RF,Layer2,0.7262828455106378,0.06885023353249944,0.9725274725274725,0.9487179487179487,1.0,0.8
CatBoost,Layer2,0.809235835590297,0.05747815334685548,0.989010989010989,0.9743589743589743,1.0,1.0
