Model,Avg_Rank,CI_Lower,CI_Upper,Friedman_p,Kendall_W,W_Interpretation,CD
TabPFN,2.0,1.4615384615384615,2.5403846153846135,5.875383878126853e-05,0.4143702451394759,moderate (中等),2.091328249260227
CatBoost,2.6923076923076925,1.9230769230769231,3.5403846153846135,5.875383878126853e-05,0.4143702451394759,moderate (中等),2.091328249260227
Ridge,3.076923076923077,2.3076923076923075,3.923076923076923,5.875383878126853e-05,0.4143702451394759,moderate (中等),2.091328249260227
RF,3.769230769230769,2.923076923076923,4.463461538461537,5.875383878126853e-05,0.4143702451394759,moderate (中等),2.091328249260227
PLSR,4.0,3.5384615384615383,4.538461538461538,5.875383878126853e-05,0.4143702451394759,moderate (中等),2.091328249260227
SVR,5.461538461538462,4.846153846153846,5.923076923076923,5.875383878126853e-05,0.4143702451394759,moderate (中等),2.091328249260227
