{
  "model": "TabPFN",
  "layer": "Layer3",
  "metrics": {
    "R2": 0.936207693014643,
    "RMSE": 0.03323828164861249,
    "MAE": 0.026323591589650173,
    "Spearman": 0.989010989010989,
    "Spearman_p": 1.7507283021964818e-10,
    "Pairwise_Acc": 0.9743589743589743,
    "Hit@3": 1.0,
    "Hit@5": 1.0
  }
}