{
  "model": "Ridge",
  "layer": "Layer2",
  "metrics": {
    "R2": 0.9016776105555743,
    "RMSE": 0.041264883331937494,
    "MAE": 0.03288819949280921,
    "Spearman": 0.9395604395604396,
    "Spearman_p": 1.8782484299388895e-06,
    "Pairwise_Acc": 0.9102564102564102,
    "Hit@3": 0.6666666666666666,
    "Hit@5": 1.0
  }
}