{
  "model": "RF",
  "layer": "Layer2",
  "metrics": {
    "R2": 0.8508258993008133,
    "RMSE": 0.0508277779080856,
    "MAE": 0.04435285397583778,
    "Spearman": 0.967032967032967,
    "Spearman_p": 7.064113887175154e-08,
    "Pairwise_Acc": 0.9487179487179487,
    "Hit@3": 1.0,
    "Hit@5": 1.0
  }
}