{
  "model": "PLSR",
  "layer": "Layer1",
  "metrics": {
    "R2": 0.8570465277537702,
    "RMSE": 0.04975672230126825,
    "MAE": 0.038279125508380286,
    "Spearman": 0.9230769230769231,
    "Spearman_p": 6.851685949643352e-06,
    "Pairwise_Acc": 0.8846153846153846,
    "Hit@3": 0.6666666666666666,
    "Hit@5": 1.0
  }
}