{
  "model": "CatBoost",
  "layer": "Layer2",
  "metrics": {
    "R2": 0.8673996313289027,
    "RMSE": 0.04792109963932851,
    "MAE": 0.04329429891573001,
    "Spearman": 0.9780219780219779,
    "Spearman_p": 7.757814031393615e-09,
    "Pairwise_Acc": 0.9615384615384616,
    "Hit@3": 1.0,
    "Hit@5": 1.0
  }
}