{
  "model": "SVR",
  "layer": "Layer1",
  "metrics": {
    "R2": 0.42109474483471443,
    "RMSE": 0.10012860265866838,
    "MAE": 0.09089387391197518,
    "Spearman": 0.9395604395604396,
    "Spearman_p": 1.8782484299388895e-06,
    "Pairwise_Acc": 0.9102564102564102,
    "Hit@3": 1.0,
    "Hit@5": 0.8
  }
}