{
  "model": "CatBoost",
  "layer": "Layer2",
  "metrics": {
    "R2": 0.809235835590297,
    "RMSE": 0.05747815334685548,
    "MAE": 0.05044527008513945,
    "Spearman": 0.989010989010989,
    "Spearman_p": 1.7507283021964818e-10,
    "Pairwise_Acc": 0.9743589743589743,
    "Hit@3": 1.0,
    "Hit@5": 1.0
  }
}