{
  "model": "PLSR",
  "layer": "Layer1",
  "metrics": {
    "R2": 0.9361926675733127,
    "RMSE": 0.03324219583881776,
    "MAE": 0.027196833047821705,
    "Spearman": 0.9780219780219779,
    "Spearman_p": 7.757814031393615e-09,
    "Pairwise_Acc": 0.9487179487179487,
    "Hit@3": 1.0,
    "Hit@5": 1.0
  }
}