{
  "model": "SVR",
  "layer": "Layer1",
  "metrics": {
    "R2": 0.5118549098680426,
    "RMSE": 0.09194515984347224,
    "MAE": 0.08525309310674291,
    "Spearman": 0.8956043956043955,
    "Spearman_p": 3.4809729944820894e-05,
    "Pairwise_Acc": 0.8846153846153846,
    "Hit@3": 0.6666666666666666,
    "Hit@5": 0.8
  }
}