{
  "model": "TabPFN",
  "layer": "Layer3",
  "metrics": {
    "R2": 0.9428595209174919,
    "RMSE": 0.031457655211282055,
    "MAE": 0.027539962229600368,
    "Spearman": 1.0,
    "Spearman_p": 0.0,
    "Pairwise_Acc": 1.0,
    "Hit@3": 1.0,
    "Hit@5": 1.0
  }
}