{
  "model": "Ridge",
  "layer": "Layer2",
  "metrics": {
    "R2": 0.8777438420337309,
    "RMSE": 0.046013978069470725,
    "MAE": 0.03524908617703861,
    "Spearman": 0.9340659340659341,
    "Spearman_p": 2.9987037500995785e-06,
    "Pairwise_Acc": 0.9230769230769231,
    "Hit@3": 1.0,
    "Hit@5": 1.0
  }
}