{
  "model": "RF",
  "layer": "Layer2",
  "metrics": {
    "R2": 0.7262828455106378,
    "RMSE": 0.06885023353249944,
    "MAE": 0.060280390515875276,
    "Spearman": 0.9725274725274725,
    "Spearman_p": 2.6191330438273973e-08,
    "Pairwise_Acc": 0.9487179487179487,
    "Hit@3": 1.0,
    "Hit@5": 0.8
  }
}