Sample_ID,Treatment,Variety,Sample,D_conv,D_stress,D_recovery,Category,Rank,R460,R520,R590,R660,R680,R710,R730,R780,R820,R850,R910,VI_NDVI,VI_NDRE,VI_EVI,VI_SIPI,VI_PRI,VI_MTCI,VI_GNDVI,VI_NDWI,BF(F440),GF(F520),RF(F690),FrF(f740),SR_F690_F740,SR_F440_F690,SR_F440_F520,SR_F520_F690,SR_F440_F740,SR_F520_F740,OJIP_FvFm,OJIP_PIabs,OJIP_TRo_RC,OJIP_ETo_RC,OJIP_Vi,OJIP_Vj,OJIP_ABS_RC_log,OJIP_DIo_RC_log,Trt_CK1,Trt_D1,Trt_RD2
CK1_73_2,CK1,85.74560878207305,1.9858002240631565,0.3302555033054334,0.3336239515073926,0.3151704443235149,Intermediate,8.012231708597113,0.0447606851820239,0.2008566913884332,0.1737315517517001,0.179281686969431,0.0983530745212864,0.200042829115896,0.3273169259098403,0.3627546130103216,0.381482502792176,0.3868168037222992,0.3781008132246453,0.3683776090359436,0.5969467145431594,0.2443095257084588,0.6056500932115509,0.0745527367773475,-2.859886513984086,0.3205061366118721,0.0140101161963438,0.0769026679662716,0.1548790028603489,0.0870189258199703,0.3395249363326255,0.2570007915151278,0.8809988646100237,0.4979362343741846,1.776581223497429,0.2277085441180835,0.457247770864006,0.8317585114149975,3.296677546882081,1.2747467993887882,0.6937532277320707,0.8209771726014902,0.4547897958681624,0.9356955127523896,0.2262067107095678,1,0,0
CK1_1252_1,CK1,1248.775852046101,1.021307562623916,0.5737255385283682,0.6494305546133495,0.4990340312760376,Tolerant,0.9845603378276278,0.035882724476402,0.1543958310236458,0.1234379777463158,0.1110181378592885,0.0701911854566367,0.1372463929349966,0.3139376336653408,0.358335440425533,0.3770406978387621,0.3558408773285353,0.3388520958466454,0.5216807261692299,0.6763906455064552,0.3470507879488164,0.6820820430334544,0.1149771477045993,-5.774554441117067,0.3992164271611936,0.0273280536350904,0.0724540563923966,0.0940043873140486,0.0850046906569234,0.3550179976880988,0.2385688612605175,0.8473264231842179,0.7712054068655547,1.09602731712341,0.2032988864839335,0.2605583860311056,0.8255039529098811,4.735555802811863,1.0678924578727835,0.6622600833486709,0.8099655363581045,0.400216904286695,0.8232059647987114,0.1906962480740235,1,0,0
D1_1228_2,D1,1230.2824612176205,1.9866676292939456,0.4703477054490466,0.6648075442447324,0.2756178800799606,Intermediate,4.080113757273114,0.0486546132661209,0.2009136564796686,0.1895605674622146,0.1623021352353103,0.1421412892285708,0.2070593894917002,0.3929040850498778,0.4585631578325378,0.4715743553429883,0.4808731260972189,0.4277334102298314,0.4906247884252091,0.5418156354641613,0.384167539535742,0.669831972426427,0.0288645837136763,-11.888440687700385,0.4138090606450504,0.0575634712928192,0.080475512415611,0.1420044484475359,0.0998597551780668,0.3389100504453848,0.2949361691448893,0.8019242939466904,0.5626861082209603,1.420222230123201,0.2394763549959685,0.4198363217070266,0.8192628732599162,2.7669749596941946,1.4074469774321807,0.660132803899366,0.8655236242251078,0.4658843688198314,0.9953305899859712,0.2328405038905276,0,1,0
RD2_1214_1,RD2,1215.562224840991,0.9799185019146446,0.4188522890252301,0.5988191218797356,0.2574480379423001,Intermediate,4.986508231331686,0.0493820970072758,0.1904734884049967,0.0973287412682145,0.1120478282213815,0.0751554163317279,0.1124296070452748,0.1399521188356744,0.148927286749387,0.1340405095271525,0.1153972608682259,0.1112999537800624,0.0023085447877812,0.1970602422270756,6.801077083150101e-05,0.2793054317952226,0.31541683913502,-1.805769951238458,-0.2553702828605432,0.0081562659170313,0.0754853148153882,0.0413287242401463,0.0641554070388429,0.1693368423021153,0.3804213267748915,1.178827976057891,1.8370281995720248,0.6419565526847985,0.4455224270751944,0.2432067871591123,0.7482375522730368,0.8382033016789598,1.9755149411348032,0.6956894170915874,0.8354153842338149,0.6386725280809232,1.3400131715208417,0.642755699053692,0,0,1
D1_1214_3,D1,1211.5498196021097,2.9759993050076363,0.4209073373080573,0.5945091121505035,0.255645271331447,Intermediate,4.945205695263613,0.0448137359395843,0.1481217705781577,0.1189348281525654,0.1026704838767185,0.0933091776480857,0.1473405856305863,0.2737366434043638,0.2927342506427791,0.2986247352953134,0.3379253654184239,0.3268936885010459,0.5239877643832351,0.5668905939552308,0.3628088964166501,0.6587006423749276,0.1116952416438073,-18.39648551975236,0.3869859735651211,0.006283813364044,0.0592115487411709,0.0580248238387487,0.0750789829763743,0.1416548154643726,0.527458112042627,0.7875142227493506,1.0267786822617084,0.7682929552878947,0.4173785601962491,0.4052660433263786,0.8195995648271341,1.8579170632156887,1.4576874743764276,0.6275467564018277,0.8784903268891622,0.5354040214246618,1.0348241869531498,0.2780083498819841,0,1,0
CK1_1257_2,CK1,1256.170551436502,2.034328312353522,0.535869927122591,0.6896920434903707,0.3723188807897016,Tolerant,1.9163967022273407,0.0331987242275924,0.1430676056827338,0.1249113504491983,0.1172167479888679,0.0863916796211307,0.1204752475010754,0.2309860373708511,0.1929541983181607,0.2379855751431844,0.2496653801450085,0.2036626000886966,0.3561780900695887,0.4873593084056588,0.1918367152682124,0.5912631429940923,0.06354154789935,-4.531187388889925,0.272163546764043,0.1004136595204097,0.0640912084339043,0.1045459881416398,0.0810667052768667,0.2725720726530254,0.29675716127294,0.7942359224545888,0.6078715646360895,1.300920982599117,0.2358694100886615,0.3886976373683398,0.8209083325809431,3.817168950832889,1.2134970243458272,0.667080152304505,0.8613291717671131,0.4367231002420797,0.905688423738023,0.2407112798611137,1,0,0
CK1_73_2,CK1,70.47148779589308,2.001091362573611,0.3258525336242362,0.3422498061434796,0.3122340763263709,Intermediate,8.058797549546181,0.0446320638412971,0.2010941041042193,0.1736984341886445,0.1807482828106625,0.0990257256240719,0.1980531591406908,0.3274881279494171,0.3629326192808031,0.3827629850548417,0.391383875181766,0.378336102193079,0.3659409723750925,0.5925045777794943,0.2453323183323997,0.6031164020021831,0.0719090477317349,-2.8000817388392845,0.3224124696339988,0.0153832671961445,0.0765659709296828,0.1551960250984899,0.0873858562640638,0.3394484085167111,0.2601185037167624,0.8764124577918537,0.4944617564204309,1.7771572489310874,0.2254120049751829,0.4592063302299524,0.832210144748151,3.316240068744898,1.2816261913822138,0.6961047086574447,0.8218470130842243,0.4564676361522919,0.9350522444560476,0.2324416209786623,1,0,0
CK1_1235_1,CK1,1227.6392689094014,0.9975805048285958,0.1726896837753696,0.2365716069896933,0.1143324620110842,Sensitive,12.920445707821626,0.0362157094118251,0.1752950025834254,0.1304608765993242,0.0818876183026822,0.06250278024271,0.115544346215553,0.2023474586818862,0.2627095543929564,0.2774746342065023,0.2561015936450356,0.259807921171854,0.5174089738923093,0.605731986207018,0.2867251315297022,0.6507517534882752,0.1413900165796954,-6.967656764703015,0.1900075183573546,-0.0102224250951771,0.0596225336699853,0.0812090777427602,0.0645372061355658,0.2795956244823802,0.2328110105068238,0.9245540699478528,0.7256442616482048,1.256071416938285,0.2144358094423887,0.2929946844867842,0.8289842984385113,4.743759239758531,1.0621652008194722,0.6065378176916875,0.83865282506351,0.4003746533764207,0.8235804960556132,0.2008349377901991,1,0,0
D1_1099_3,D1,1100.677678666584,3.0134568050160664,0.527285053593772,0.3496520810655225,0.7077562343760523,Tolerant,2.99116611697787,0.022377532341064,0.1135251542485476,0.0841473779262055,0.1094856958412362,0.0764842988320824,0.1100323667801031,0.1752874567393446,0.1717938323955485,0.1708724973096113,0.1885418593410814,0.2147886800116659,0.2557321698883756,0.4147932176374821,0.1131352092019074,0.5515361586843865,0.1459782040479938,-3.0933179028039337,0.236545753197038,-0.0657105190601124,0.0665936564353732,0.0679801134091439,0.0738074437248852,0.2532024132734446,0.2919970512686682,0.8965564410911837,0.9886846451961688,0.8980625019290248,0.263827284156127,0.2650202861453741,0.8012224616476201,1.7976031318249754,1.514860894592832,0.6650658168859205,0.8675218989986463,0.5445749482767048,1.090374398871484,0.3538292374341562,0,1,0
CK1_73_3,CK1,70.07746508709262,2.975779283384849,0.3305170432798759,0.337985793663251,0.3202168107465005,Intermediate,8.028812711626813,0.0291429144934062,0.1754760676367199,0.1592005649392056,0.1246184605576868,0.0805646797491236,0.1538155482252053,0.2621947254109459,0.3138892546540234,0.2924459889952491,0.3501043152708393,0.3066380683553591,0.4769998721780366,0.6219091908339818,0.2986707745850295,0.6760368571232837,0.0519714148785181,-4.24917660579016,0.3380628400416179,0.0683037637348498,0.0738591023773725,0.1422235137263539,0.0854857805471192,0.3053922333099613,0.2803110270180371,0.8661343321790987,0.5199872133903064,1.6637876520027572,0.2409968188688621,0.4647363662336561,0.8276244435469474,2.364008350881448,1.4432974286325568,0.7094192573534864,0.854279841719737,0.4998924831701407,1.0060962285483903,0.2599591606180731,1,0,0
RD2_1218_2,RD2,1221.6686743074474,1.986034646862228,0.2079196749192579,0.3128823270302249,0.1042173774360744,Sensitive,11.978486972931128,0.0558412672697665,0.1861064610991796,0.2079923165392935,0.2261421303737023,0.1383047984110084,0.2258501915119985,0.287939740079524,0.2328110092185981,0.2446443218955512,0.226128395273619,0.1992043864919171,-0.0083656717423531,0.2417322509999358,0.0054963159671794,0.3783107559196308,-0.0544969429789375,-1.6597082455483678,0.0953530863752318,0.0596908754693532,0.0785801605065373,0.1229824280398558,0.1193982623445736,0.3096966044874781,0.3862419971542232,0.6577320755194506,0.6415168824531794,1.0388296659414529,0.2529810389263192,0.3965937873224177,0.7737125223215989,0.950199105492305,1.8788396365375744,0.7128647296399411,0.836679165027515,0.6346092155982599,1.2450465023095338,0.5765259759618608,0,0,1
RD2_1274_1,RD2,1270.9156080310606,0.9845654393228324,0.4095028272910803,0.5536448079259523,0.2637410290359769,Intermediate,6.04790913347983,0.0429503107446137,0.1730082619213674,0.1274776419892963,0.1529660576863154,0.0839208187159614,0.1689361702497162,0.2222044360695022,0.2344107118144233,0.2013163062450008,0.2458687761694337,0.2788735850563474,0.2289481398478044,0.4890842624317745,0.1270861696569895,0.5089551405663054,0.1438691373863794,-1.9676732561985453,0.1817478883181512,-0.0617765365743351,0.0775457347216851,0.1215669438020593,0.0936016044344545,0.3188703721910282,0.291950924501616,0.8262449828237418,0.6375867754775372,1.2985498176255457,0.2415841454326819,0.3818980830066979,0.7817025260299557,0.9754698661866056,1.7673701369133634,0.6931648506507759,0.8592561404701837,0.615179915964163,1.1400286258485042,0.409007540370671,0,0,1
D1_1235_3,D1,1227.329359229243,3.003113463575658,0.1692472993658803,0.2396469258639115,0.1151963135821834,Sensitive,12.981022056654227,0.0353544899295203,0.1434727977343719,0.147467400797493,0.1586362854168989,0.0924409811275305,0.1705926887248653,0.2430399074253985,0.2585060017288963,0.2009498444149892,0.2205096024349269,0.2676039310943308,0.1580644909447483,0.4063235754350868,0.0842647865769179,0.4846099408641405,-0.0150736283677213,-2.278890821892336,0.2051418784530433,-0.0915732765750248,0.062072693900256,0.0817654256166942,0.0869034792784863,0.1645521917417806,0.5271891752949277,0.7136266992427381,0.7490421502017726,0.9541066345489128,0.3763648739916841,0.500600332426738,0.7639494901939538,2.234672903022815,1.2087389160671709,0.6102749825952285,0.8473115870138622,0.5342198708132918,0.9003563402434995,0.3301386252373741,0,1,0
RD2_1235_3,RD2,1241.0859059362392,3.003963010801972,0.1714699164109684,0.240018086918956,0.1093174319602705,Sensitive,13.002413052629702,0.046300751532993,0.1746525883281365,0.1294044228721103,0.1192775553096543,0.0936344300609397,0.1381780513100493,0.1707034066794269,0.1824542711456163,0.0862762376764033,0.1489885611048679,0.1841496813002172,0.087480010330848,0.2106121483265654,0.0398894637904771,0.3708732804628036,0.1488282852989325,-2.9812533600803297,-0.094986623572878,-0.1251012916933286,0.0616978056814932,0.0847816774660662,0.0857682626899071,0.1952947311787881,0.4379139183634271,0.7197074984304828,0.7288925545583103,0.9786619748148032,0.314328028630672,0.4307887380660222,0.7513361707334426,1.2590112430350116,1.6893068932761302,0.671227460283743,0.8208856332323153,0.6080739141424931,1.0798948851562593,0.3697641419437914,0,0,1
CK1_1235_3,CK1,1232.2394084244618,2.972251527952443,0.1730464243148716,0.2324213872300644,0.1096597041066379,Sensitive,12.99386827017216,0.0337638704132735,0.1534211258594446,0.0885957323852632,0.1191129133293834,0.0552475772852365,0.1307499284441393,0.2769400854563441,0.2492033800914715,0.308483589816913,0.3275402173084002,0.2954069104962423,0.4704987038225264,0.7047851170618895,0.289690892241308,0.6550581196958003,0.2740029503547398,-3.442494020263632,0.3609878332953084,0.049612058782343,0.0605172789944478,0.0813114121954443,0.0668656616992796,0.2819065584304287,0.2370161117443227,0.9083684411839652,0.7441952881284648,1.222559439218205,0.2171171593551877,0.288036762625138,0.8235283708290018,3.5944456396940603,1.1321321226343732,0.6253949659029308,0.8526587587393198,0.4494007014267307,0.8760920134661992,0.217592847777169,1,0,0
CK1_1252_2,CK1,1243.2114620774505,1.999065935943905,0.5774405478444014,0.6438999888528596,0.4991142549390562,Tolerant,1.0419777538607653,0.0456558409883337,0.1891375656105262,0.1475023079978973,0.1199142934662413,0.0693806171757116,0.1686825337437399,0.3345037758348477,0.3829977826735502,0.3847686580264865,0.4035252101376409,0.3769589076248212,0.5391314880109328,0.703417106787856,0.4005481076276606,0.6792558593403846,0.1197214222691075,-5.441541297504344,0.3651023962977234,0.0319674466602868,0.0718792874158624,0.0897027228319845,0.0861952731613177,0.3648332600835764,0.2375397550653145,0.8304531556675467,0.7945336584730259,1.043993505455409,0.1970670017748352,0.2486030323522836,0.832765947866479,4.628648351519145,1.1007880556735408,0.6678085570779353,0.8562542830391792,0.3998440228038165,0.8426446723972937,0.2032369344413384,1,0,0
RD2_1218_1,RD2,1225.9361643051166,1.0294808525371917,0.2075250611233306,0.3081795693734198,0.0998318548749366,Sensitive,12.000860621965463,0.0496868040665015,0.1805458888807721,0.2044214170006963,0.1949488304255403,0.1408858596394701,0.1930879915797907,0.2005961989868721,0.2072802547363539,0.1177288677816748,0.1961900032864332,0.2066939360191818,0.0024011507218651,0.1620870053132967,0.0008837339729956,0.3685185360802853,-0.0564972005456028,-1.1596529813084333,0.0305745296166965,-0.0276890287806578,0.0770821564292057,0.1187317926387592,0.1113783588035825,0.2860251899296809,0.3910940576292375,0.6902697084954217,0.6465639174904602,1.0626708484394394,0.2698344255060831,0.4133452100127429,0.751528373070048,0.9758595121819894,1.602567436700428,0.6098192381764774,0.8323147598378237,0.6354169578138037,1.135231811293009,0.5636248916114184,0,0,1
D1_73_3,D1,63.77141457707451,2.997522723799155,0.3257238719360041,0.3350201028887093,0.3181161714875731,Intermediate,8.029405500299267,0.0400289577846616,0.155331027057623,0.1625600670782931,0.1337381399618067,0.0861107417023738,0.157983333017009,0.2224451070457893,0.2738029863200845,0.2779269383074221,0.2685085091036583,0.2392675611757974,0.3394326048276764,0.5155027204660828,0.1882947124803735,0.5669293120447363,-0.0197017629228234,-2.9269496038038407,0.2640281167897514,0.0610491720489838,0.0575176699262547,0.0622798247160205,0.0689232120326797,0.2364083050989957,0.2910092199028296,0.837493004581051,0.9169655728813632,0.9070910484567368,0.2447066221381899,0.2627533094372443,0.7942403502383223,1.8219753064870607,1.4939241721474064,0.6753724390012945,0.8638829307808726,0.5566223340161276,1.052370721720069,0.3474916426054209,0,1,0
RD2_1252_3,RD2,1265.3125496686816,2.9815042057543493,0.5736633082603038,0.6446199798631601,0.4991707557566383,Tolerant,0.9754797750249626,0.0445517364749655,0.1855247659999719,0.1572908037356354,0.1665855205158914,0.1173441507204524,0.2020444823008706,0.2910174440749389,0.3425427920272296,0.3849927093673523,0.4188578851582644,0.3847915766196753,0.426168349000406,0.5599679782518355,0.2978815587677779,0.6365599163198977,0.0808394886018093,-3.620294601261584,0.3828911816161446,0.0370893775293714,0.0809274288132153,0.1110448806401272,0.1029756745616759,0.3523645144749868,0.2929480011516835,0.7778793409773537,0.7293527036078489,1.0709603375685874,0.2292495624571412,0.3162429829223472,0.8075509655699932,1.750044667683074,1.913612571630804,0.816719391849835,0.8622696049814762,0.5224707194349648,1.2551216556493825,0.3851311380894743,0,0,1
RD2_1214_2,RD2,1197.8695963512366,1.967878770927296,0.42243619620822,0.5927772225259286,0.2510870252544726,Intermediate,4.997896978137474,0.0452030496187798,0.1267300104784463,0.0775691053052755,0.0838894720979595,0.0594205786600449,0.0850183411276882,0.1059838992392881,0.1430478432171011,0.0880838348742821,0.2206835659329288,0.2065917208754163,0.4495135504437694,0.5760241408443015,0.2498707226115705,0.578617550191635,0.2357060549558819,-1.859883039289548,0.2765298959880338,0.037327392201467,0.0748158913879528,0.0705920415781261,0.0751559263115897,0.1773660110004055,0.4255720718885885,0.9980633448153294,1.073031739156565,0.936349317323008,0.4216548486918769,0.3967285935342122,0.7947196972352889,1.3563118604097046,1.6865687144808057,0.7351342591149415,0.8330338119728395,0.5684939096466955,1.130123564050494,0.4125674384021061,0,0,1
D1_1218_2,D1,1222.513686337049,2.022360460217435,0.2011887897590162,0.3083532519008838,0.0999228105250637,Sensitive,12.008960421050192,0.0376951554713796,0.1831834147122784,0.2028753130252173,0.1955707443568432,0.1235025470533786,0.224793349548387,0.2778306334938167,0.2909544015458342,0.3048206220941942,0.3198193348536477,0.3171581438432992,0.2384589138785643,0.4423644488585435,0.1354923353560738,0.5450001815430325,-0.0452361474808417,-2.0495595015661534,0.2688164902979756,0.0060731189037653,0.0680704190166775,0.1109345363376187,0.0916722843290811,0.2982129009678224,0.3072435977018949,0.7358089068360454,0.6171568290465149,1.1906153545720173,0.225927925732472,0.3702382455497279,0.7928760773306045,2.6096731526074115,1.2278405772440826,0.6409531710728392,0.8313844082901061,0.5165537673780763,0.9237859133972124,0.3153051887590706,0,1,0
RD2_1210_2,RD2,1223.7851890091904,2.002148866745344,0.3535176039416366,0.3126566972793432,0.399199379955663,Intermediate,6.8974328244491,0.0496717431511367,0.2056115397700118,0.1976110067315799,0.2008838437385919,0.1538642493112301,0.2149039413502808,0.2592663957471673,0.3145671094590685,0.333500121799824,0.3276767207789087,0.2908170620338109,0.2415480503020869,0.3593946490220289,0.1498961560995438,0.5285120890794076,0.0194768841089558,-2.21836485381087,0.2328376448211929,0.066147229905431,0.0721358941540546,0.1147422352597144,0.1019078778274869,0.2862926542396423,0.3545074738192774,0.7093596792294053,0.6289814872757541,1.140532528515895,0.2526457733759974,0.4024707918000446,0.8085178909348659,1.6278152359413316,1.843909334184746,0.7587495230899812,0.8654929914386881,0.5329771038437973,1.2469096990358552,0.2901301472826607,0,0,1
D1_1099_1,D1,1104.404609275811,1.000049090479174,0.529225115088454,0.3501327229362785,0.7073767407802471,Tolerant,3.0568358399803626,0.0320897447487232,0.1362362176963203,0.1393333925998991,0.1616626462923798,0.0762481598943717,0.1612455029513689,0.2958266518094876,0.3254485190983339,0.347779784999681,0.3166592886492113,0.3021915395354722,0.3249842124499427,0.609510976096155,0.1903739339512108,0.5963138741372359,-0.0091521951761244,-2.6294100219131846,0.3913031335370969,0.0261356412577066,0.0744274918031717,0.0902257957644169,0.0832249535382582,0.269848811265674,0.3066334535897221,0.8990833583060199,0.8276408991042787,1.0827809799848325,0.2770399053066659,0.3321346164466453,0.817210490754932,2.112020614661779,1.4619646648254316,0.6931421699616014,0.8590365260983333,0.5174573561001231,1.0342410885606643,0.2698498916766512,0,1,0
CK1_1274_1,CK1,1269.4159826807456,1.0088986404665636,0.40816250723851,0.5535969680525,0.2648690497403627,Intermediate,5.984663223042399,0.0403611824519234,0.1824333270150594,0.1480550388319612,0.1313676173492548,0.0662711471597696,0.1566088871970356,0.2912414375566024,0.348547056388692,0.341009069865243,0.3556795928178359,0.3535875459449486,0.4637918910285964,0.682494741475539,0.3034973623810001,0.6448106406120938,0.0979381091948686,-3.364671516042801,0.3213953831354511,-0.0021993721775507,0.0674457804588924,0.1077291337542771,0.0802956485454757,0.3029900853216511,0.2660329617648614,0.8404979259337029,0.6363641721371166,1.332969253067857,0.2240078282517373,0.3550869006242191,0.8156914921036835,2.918969270233105,1.2290815400239825,0.6298898198416784,0.864182015492773,0.479654146372407,0.9135310771116152,0.2498746517758916,1,0,0
CK1_1252_2,CK1,1249.640903310589,1.9902240417788863,0.5746897381920204,0.6496158779259996,0.5029123664395472,Tolerant,0.950694183218532,0.0458955476367701,0.1896184085589738,0.1478985216155527,0.1200981780235579,0.0706643471214829,0.1696177411735036,0.3356393149074605,0.3861126403377783,0.3891058774649962,0.4001749205016582,0.3787216934517604,0.5381655470104852,0.7015966194578762,0.4009383985207467,0.6850063827839844,0.1258050802320564,-5.378862913443945,0.3579702544391377,0.0314022477229552,0.0717631191434996,0.090266044420401,0.0868473680751849,0.3639860298942329,0.2379788873516361,0.8270562892052784,0.7966017426278778,1.0428961749228816,0.1961390438913103,0.2473421419377161,0.832200484641847,4.657152942973091,1.125551420571336,0.6666642754342511,0.8557334997112527,0.3983752732724691,0.8464007671584224,0.2013168208081364,1,0,0
D1_1228_1,D1,1222.1525397505625,1.0226602369452744,0.471009642146805,0.6709419033826016,0.2763228697146538,Intermediate,4.002797858501257,0.0336471573339167,0.162890348036961,0.1473238842248057,0.1267723142786284,0.1353828187572452,0.1919331210586919,0.3068721906049427,0.3874899736171473,0.3721519521965793,0.3689756042896533,0.3883976696752049,0.4875993017197372,0.4611322360902276,0.3218563994265723,0.6752213189854834,0.0535851595680796,20.914803714461147,0.3886132381778236,-0.0224632462111078,0.0809431934372041,0.1348407183941301,0.0976593380123132,0.3458408748876616,0.2820100427663688,0.8221793912559894,0.5885103326377937,1.3825657244935177,0.2315884368228264,0.3948157601070831,0.8203584361332023,1.907914124561615,1.8162420405780848,0.691734371205614,0.8811529475190275,0.5472382383926767,1.2347549277035823,0.4237563755068056,0,1,0
CK1_1214_3,CK1,1200.356924135134,2.987503490713729,0.4228616276431367,0.5946724481411019,0.2529005148118252,Intermediate,4.900758634256837,0.039834549470983,0.1909262793674398,0.1573665722709625,0.1339117747262249,0.0765179183044658,0.1547821238171529,0.2777691370026649,0.3493856933888347,0.3294722422131532,0.3559037018715018,0.3328465137474498,0.4492188778735345,0.6427157137251966,0.2989810887464493,0.6470788721820306,0.0964764963758506,-3.620691142050801,0.3010707229340864,0.0308183498280962,0.064123267978236,0.1269040040040912,0.0851813085659051,0.3167020907389694,0.2675161028844402,0.7550872478756521,0.503904099013103,1.4910725970617127,0.2054642485283104,0.4016482450216013,0.8280892228755147,3.5139406460282703,1.1789068807426686,0.6416634058507953,0.8802576056825733,0.4514287846998349,0.8793588737762789,0.2082762134910598,1,0,0
RD2_1252_1,RD2,1241.8085779514893,1.0217294960096277,0.5745497965392891,0.6512156232623777,0.5037152668991419,Tolerant,1.0588132181109526,0.0477852807343322,0.1911494952433108,0.1829923002604415,0.1651241620455482,0.129024090421911,0.2237891189343955,0.3181874330318958,0.4110677939995253,0.3755682141815037,0.3807873511107593,0.3370785103494667,0.3915804847939079,0.4946690049260439,0.2682612620508602,0.6103072078748474,0.0258128027835579,-5.045778782157981,0.3292786882860782,0.0633045389017474,0.0744253661394463,0.0960315541421597,0.0978415075947518,0.3285671044437968,0.2946297176906156,0.7613944505876564,0.7748410127543878,0.980622447055149,0.2280498818761545,0.2894315819762721,0.808488938762369,1.618977721136967,1.8511049467519007,0.7582622676278026,0.8563680317955812,0.5408376980962833,1.2376348904831282,0.4021079383496798,0,0,1
CK1_1219_1,CK1,1219.830529762176,1.0130508932158069,0.2358391301804759,0.3986863330012659,0.0747938104895362,Sensitive,9.937166117315586,0.0350583389036247,0.1779783203936369,0.107296470797691,0.0990696681525188,0.0640873617944097,0.1186865516597461,0.2013065062145947,0.215885996245313,0.19350954767017,0.2136217687278889,0.2388189816388242,0.3742175736303972,0.5442809189125464,0.1920306597433013,0.5708466064111548,0.2448037301020796,-3.8797096391863977,0.0947285687702169,-0.0470948137358031,0.0624365326367967,0.0894580701997361,0.0692928055144246,0.2870034040999258,0.240391014096935,0.9110576124062364,0.6991677796221483,1.2935705835862412,0.219275220217728,0.3137263169840085,0.8146957153149126,2.497507251049686,1.399789125438154,0.707844610940329,0.8199221578068407,0.4854056088463104,1.0057143772991155,0.2819484845857161,1,0,0
RD2_1214_1,RD2,1211.8591431468024,0.9593159631619408,0.4198349151483061,0.5974698631496098,0.2417754757411019,Intermediate,4.973881873709211,0.0492501743327961,0.1901344812663683,0.097665490722108,0.1129257970012982,0.0751115174626018,0.1142561864323838,0.1396797675136013,0.1498535302073218,0.1302456844083109,0.1149894053976249,0.1098733769006771,-0.0011803451120239,0.2023461844486291,-0.003298425774791,0.2812806467248335,0.3198740813764978,-1.6930543018794129,-0.2587946083246615,0.0070327155197295,0.0758464902898518,0.0404468251159875,0.0639844846923968,0.1705978344397887,0.379326094079405,1.1785492565864777,1.838720612999443,0.6444424204145927,0.4469061179388,0.2468573656395815,0.7479772356970978,0.8176238198864295,1.9848332819843109,0.6960518845500938,0.8351407570467907,0.633830648271733,1.3416974518327656,0.6490132223817269,0,0,1
RD2_1214_2,RD2,1207.7566626073935,2.015021411023929,0.4221802553049955,0.592674213582159,0.2534046402494912,Intermediate,4.902908572341834,0.0452240872486007,0.1272281963675088,0.0787988113097122,0.0844274425205765,0.0597510721810204,0.0844457976283013,0.1039202556400515,0.1431397536409681,0.0952003395312627,0.2206286707517013,0.2094328887916854,0.4500291757704988,0.5780711812050694,0.2472793195973717,0.5816400287566409,0.2361062489799592,-1.702457735905631,0.274749371539814,0.037705880253021,0.075154729453924,0.0696702468562026,0.0751192149635036,0.1779021262577026,0.42402906911584,0.9998298004621556,1.0672971839929604,0.9431281287147782,0.4242131066088172,0.3930750665925292,0.7951525908658416,1.3687108927369382,1.6733253941639452,0.7346543694876091,0.8337144017766341,0.5656650947814613,1.126929627205108,0.400095069200044,0,0,1
RD2_1099_3,RD2,1093.271395321385,3.0242295041093974,0.5268916848407009,0.3494617932986429,0.7021670945241444,Tolerant,3.1399624990876296,0.0677801108251419,0.1760457543502839,0.2171405052999631,0.1949902349468477,0.1827131658720221,0.2933149984437077,0.344820526787139,0.4510140148086724,0.4821324356493038,0.3831361058200765,0.3431800450938726,0.3236179243079462,0.3542817469646916,0.2278454484628862,0.5429536907612469,-0.0986837322528507,-11.884145496362397,0.3720821657935223,0.0554124373945677,0.0906980006747223,0.1504319575267729,0.1094577638164289,0.2774456860407469,0.3949706314406912,0.831681615345188,0.6073911062874098,1.370087567338644,0.330076619011033,0.5406971593370893,0.8077966947589168,1.581057612021029,1.97582536343972,0.7526295987564129,0.8753006358745328,0.5304555750705644,1.358432433291994,0.3559633421611368,0,0,1
CK1_73_2,CK1,59.05632569944155,2.003885997085938,0.32747546089319,0.3376355907045727,0.3060463404615876,Intermediate,7.906257840320586,0.0448491980929908,0.2001466254505129,0.1733941600122561,0.1785772733096979,0.0994248370626953,0.1992223998475817,0.3279796234138268,0.3689379552783478,0.3869993941071609,0.3879683729811103,0.3762731506271504,0.3670223272567232,0.5964760002254686,0.2450254898711294,0.6046297184023304,0.0762685167600294,-2.841104844311614,0.3255352444750939,0.0148234771371228,0.0772778039422347,0.1552204924769373,0.0876436961134416,0.3382562300355415,0.2564262291663129,0.8819869955557704,0.4995823253765794,1.7749602759137308,0.2257137170276559,0.455678155205688,0.8311858291409074,3.261030803193344,1.285819112064219,0.6964284634652328,0.8214534530492578,0.4530668861634863,0.9333984541345972,0.2301448428115979,1,0,0
CK1_1219_2,CK1,1236.870119634348,1.976102693126279,0.2359884245572694,0.4043522588679782,0.0767625235667012,Sensitive,10.042335800924864,0.0403668348572574,0.1584567197294989,0.1216015494632379,0.1219242199771051,0.0747012842317593,0.1486208731040886,0.2500531895349075,0.2923472086107752,0.2752756802344587,0.3131286045832456,0.2809254518990879,0.4346397610343319,0.6159570988222587,0.2706931159238271,0.6268496470662882,0.1311804520690084,-3.565453778996465,0.3252989172660327,0.0518165212772854,0.0674678049885746,0.1083931644270905,0.073686557035585,0.3069424805214815,0.2403273771788184,0.9136207433565764,0.6268440973129518,1.4725632914169384,0.2201376947499323,0.3509745494269286,0.815590481001564,3.0312531235892552,1.2234773777235952,0.6575141430611465,0.8236737202498727,0.4620110485425135,0.928369854348328,0.2465204138938318,1,0,0
D1_1257_2,D1,1240.5065284844286,1.9792043584740333,0.5244428098782579,0.6876909651880758,0.3743196093268901,Tolerant,1.9680994998586148,0.0362722791492446,0.1542168064471674,0.1338859453034765,0.1281522010998712,0.101298126170444,0.1634241078191041,0.3278669615970409,0.3887965861715106,0.4291067115656634,0.4293529137562488,0.4067754183445499,0.5353058655623529,0.6121464808586048,0.3808440041416664,0.7043487753276222,0.0675428991056796,-7.825914965867161,0.4702447448119791,0.02050505254833,0.0768128184281842,0.10319488930109,0.0744290132346598,0.3046477758225737,0.2461499693863715,1.022627372637427,0.7361741701169355,1.3755223120478226,0.2500681543013111,0.3377057515819605,0.8185456069362415,2.840830800688931,1.5724229546241142,0.6652780987242465,0.8689833793778402,0.5081025311354627,1.098530678568324,0.2429016484190225,0,1,0
RD2_12_2,RD2,5.038023109941229,1.9811917609464489,0.2624909887312731,0.240678510917988,0.2831744383246548,Sensitive,9.01217958814204,0.0396779961885949,0.1558083736988438,0.1460553786274703,0.1498717356371837,0.115637305185081,0.170547764583174,0.2436661023157988,0.2230043076226014,0.1831169039063043,0.2695198780382207,0.2688651940319671,0.2825251924648875,0.4003058855979873,0.1567476089761564,0.5470523471810087,0.0335615431291485,-3.777798119121859,0.2571409699077227,-0.011770720733532,0.0726067154226852,0.1078460278619723,0.0964589344447325,0.2713066524688181,0.352017931307743,0.7496057523317375,0.6665299654717587,1.1227451637387689,0.2660531628267803,0.397457959401464,0.8084527866693747,1.4289383915717735,1.8876388590916189,0.792182905282037,0.8453028511545336,0.5632616720037928,1.1989093779080062,0.2906716357597517,0,0,1
CK1_1257_2,CK1,1268.5791034982578,2.0083325827880905,0.5322272010660175,0.6877440311509398,0.3736392643146648,Tolerant,2.021661107209128,0.0329597314848815,0.1429100285508132,0.1245982918147863,0.1179377613626354,0.0861688154815532,0.1224893240744556,0.2300683479312859,0.1943200530704057,0.2358537387006734,0.2506516961165196,0.2042303665312048,0.358684194700667,0.4910801562123644,0.1919253326799,0.5906377081568357,0.063994881930571,-4.355311696235458,0.2727053963968905,0.1012585543603732,0.0639431425016527,0.1049738344702799,0.0810140167868605,0.270745441543849,0.2994732296255889,0.7947235387961388,0.6032144157510841,1.3050509796890437,0.2369539960248439,0.3888601931246176,0.819327406206091,3.8154877442653663,1.1879460743431,0.6665299340000357,0.860626658517029,0.4344173588640336,0.9035172882377944,0.2425223812734307,1,0,0
RD2_1252_1,RD2,1250.4768172007596,0.9886160108377492,0.5733281464516373,0.651158554479494,0.5041515498718796,Tolerant,0.9710179740255084,0.047895289038223,0.190070281657374,0.182727036938835,0.1643242851716964,0.1291324789927977,0.2234308446622217,0.3222303030659261,0.4111066522950327,0.3778198918083971,0.3840036647060396,0.3385273568365052,0.391859417420089,0.4951834966674375,0.2669972354552849,0.609687678112899,0.021224508220886,-5.177283646762058,0.3276501053776269,0.061631213769533,0.0745966620288599,0.0954436774317686,0.097354426004702,0.3300338238764035,0.2978769001216548,0.7601693716900823,0.7789862777238944,0.9707757889759122,0.2254516079787477,0.2897538958114283,0.8090174717379472,1.6207915875497818,1.858922884483073,0.7568968457364377,0.8564722472401335,0.538272031172107,1.2429066865795728,0.3939729734745449,0,0,1
D1_1110_3,D1,1096.5928985153676,2.977335803431146,0.2218105891845552,0.339472063391217,0.1043575273146913,Sensitive,10.964995187877534,0.0470182566260098,0.1535849919068121,0.1684412550295732,0.1415441357014958,0.0989649548589719,0.1683635958286082,0.2371934391687337,0.2830321060603394,0.2818877775269017,0.2840606294476797,0.2665274918956443,0.3367685454677058,0.4828909243380516,0.1979827957448564,0.5535707371178389,-0.0414509650373966,-3.288647143388159,0.2940785232594012,0.034293681824247,0.0583872799949499,0.0748691298408827,0.0859914689880657,0.1630412369900731,0.5234251494449171,0.6784769195216508,0.7765315157987751,0.8829551953627106,0.3568335088216078,0.4568962427737494,0.803557474331271,1.7720860910458036,1.4342741285446867,0.676968774011125,0.8621684210588167,0.5422053531116288,1.0231403172615814,0.3108380509279812,0,1,0
CK1_1228_2,CK1,1223.5963195331833,2.014999988332208,0.4678286903104974,0.6661713769335558,0.2732540652849646,Intermediate,4.008368542882325,0.0275357936016643,0.1435308287267757,0.0846762081444755,0.0835398315326306,0.0524787691901197,0.097773291590944,0.1402226857159626,0.1844519055846476,0.2012809127698233,0.1844488833720351,0.1898755183190349,0.366266453455271,0.554639525651026,0.1646039048526932,0.5827600828751284,0.2588780700136895,-2.586018164567952,0.1290703423589589,-0.0235835930688912,0.0655078853482459,0.0769331298072386,0.0730009837834907,0.2247093634555148,0.323335624109935,0.8921062677155807,0.8448918439401277,1.0531929274191003,0.2914754031429147,0.3426347815605723,0.832519505174996,3.453389460428597,1.2655548962098615,0.7071471923756251,0.8501400724020433,0.4409769534176263,0.9264439562547656,0.2219862825245415,1,0,0
CK1_1099_2,CK1,1100.796109042302,1.981608342211962,0.5321912946014531,0.3505817447429308,0.7090140257834453,Tolerant,2.816894157251588,0.0423961522422211,0.2301020479126241,0.1597907021722075,0.1446857164352992,0.0821898850511907,0.1772883470834883,0.3690984693441438,0.3911768407708293,0.4353026713201151,0.4174062111098399,0.3991857710363389,0.4813378553448843,0.6667874800294054,0.3471968719201496,0.6671920852169146,0.1813098772626901,-4.720045868526522,0.2893029565861666,0.0215437287860944,0.072474221106084,0.1125426082426974,0.0855954037850738,0.3237963383899061,0.2633485308797419,0.8475913755121767,0.6434903441054437,1.3212765625205445,0.2206119627192341,0.3435519183953177,0.8191562030872651,2.877324699553197,1.3189597707107472,0.6501582420403599,0.8684027841993273,0.4963665259117777,0.9635683126624508,0.2595827833782624,1,0,0
RD2_1235_2,RD2,1217.0302080310576,2.0126156032032747,0.1763222577387122,0.2374145654359798,0.1077890850461856,Sensitive,13.050639025891126,0.0431114956713955,0.2043367504695614,0.1323983003639807,0.1465084790264444,0.0719941956097714,0.1468085795801946,0.2036373136085988,0.1853324270551023,0.1711554097583826,0.146926848711879,0.1323148983575147,-0.0004084288281522,0.3482270234335051,-0.0018558300852263,0.3526477619490132,0.2093155156545806,-1.6946675884890483,-0.1661522890448431,0.0517390112559149,0.0637177666572539,0.0861673152337901,0.0859469216548768,0.1898644568031447,0.454406784879816,0.741287506649506,0.7444750847986642,0.9974337625306364,0.3374428467600328,0.4533870967819847,0.7510407918986716,0.9411754757158716,1.6350011708172802,0.6826730303634526,0.8396307135784962,0.6121423845307872,1.1464812256231154,0.4826088662552378,0,0,1
CK1_1235_1,CK1,1243.7312880236152,1.0047541705660357,0.1735084637149812,0.2346594385636693,0.1132138526836457,Sensitive,12.972134162142478,0.0362754078676404,0.1749804338312896,0.1306026001148956,0.0820269226051356,0.0617153760961025,0.1139813947331661,0.1998144610741936,0.2616809074826906,0.2794570063610577,0.257197964186604,0.2561535360861888,0.5127671378000143,0.6099735867469404,0.290163928230342,0.6479827554867575,0.1382295839764781,-6.952367090731836,0.183531211372069,-0.0082752323479245,0.0595684808943714,0.0821997995977275,0.0650635345275827,0.2783151556484728,0.2303278716566462,0.9191798200752538,0.7293602439723832,1.2629677938978592,0.2127950281560283,0.2941451073592345,0.8284655174168458,4.706216317490534,1.0578959627662043,0.6068614593619943,0.8387887758621018,0.3994743164047236,0.8287297216232685,0.195631497731504,1,0,0
D1_1210_3,D1,1210.2759818308602,3.002416111000731,0.354925187053547,0.3144163885110436,0.3966062742169086,Intermediate,7.038315581523875,0.0440993268602418,0.1967410108208976,0.1499852533832305,0.1357023653927003,0.1208614545732078,0.2064728908607774,0.3193928418591672,0.3073178992318021,0.3331649266539692,0.3088353244394366,0.3260864058011812,0.3836499066319042,0.4336118989306909,0.2318241637342055,0.5901477029924411,0.1395580203913303,-11.915032855368962,0.2171008717053565,-0.0370682093532574,0.0792910071990337,0.1153798760312171,0.0958353835756268,0.2661449660791411,0.3591834685884486,0.831275906161158,0.6816917644757453,1.2101353122953231,0.2957940213460256,0.4311370650777039,0.7922901152805721,1.6293869115614164,1.5174390869243424,0.6924140190231732,0.8607928006465018,0.5533083873183681,1.0445519848931697,0.3524462256913965,0,1,0
RD2_12_2,RD2,29.059862275913005,2.000925159190442,0.2656248782458901,0.2369938269200334,0.2849483034332618,Sensitive,9.016181071784654,0.0393875585266311,0.1570961053672951,0.1450981220295895,0.1498268256374975,0.1151143728016952,0.170692902615524,0.2447855608218199,0.2247066024380413,0.1825640052313846,0.2662070129302241,0.273389645286351,0.2822143321939169,0.3969740643068895,0.1561307949690044,0.5475062439542355,0.0345141107268806,-3.795828513010512,0.2618502064631302,-0.0074039449240275,0.072208050244035,0.1086568765768138,0.0960428714719975,0.2729859785631827,0.3564801872786247,0.7510695841204357,0.6694480348890548,1.1190010701848634,0.2656223751502468,0.3967452698328745,0.8078682727716432,1.3894957310697704,1.8954400143950196,0.7914420783229492,0.8445975080780022,0.5596815743601238,1.2059595865118349,0.2952195591842105,0,0,1
D1_1274_3,D1,1275.9750965274227,3.015828958429874,0.4109207837429553,0.5534501038820497,0.2702500429093826,Intermediate,5.993120308721835,0.0460085360524858,0.1635135783601653,0.1864774908224682,0.1602922000984846,0.1091727811563931,0.2140231631151809,0.3271985483261544,0.3564359085474654,0.4075017519225162,0.3944036431105985,0.3295887560122652,0.424881858838985,0.5656631836786976,0.2964110796028126,0.6300250667195613,-0.0700635267925266,-4.096825325961328,0.4193577933550437,0.0951168290518078,0.0751443563724482,0.0956451876737263,0.0935470451225861,0.2921242718014861,0.3185940409040222,0.8059863506967918,0.7888547256038886,1.015740026909716,0.256138180258072,0.3272125596035392,0.8178461973390015,2.439990878289965,1.4572287853398933,0.6686323479930703,0.8623099346582161,0.511531840878791,1.052848880484493,0.2949359842324791,0,1,0
RD2_1214_2,RD2,1220.2821396993118,1.992414008446836,0.4251029648985145,0.5902830870944832,0.2524727102706183,Intermediate,5.069340999642501,0.0452749829594671,0.1272299975627507,0.0778401578520387,0.0837494103657449,0.0594763857285711,0.0853225423697206,0.1049554237772501,0.1439639721491977,0.0909544601305991,0.2253261316179337,0.2059352190644414,0.4544851925025494,0.5845367727218074,0.2505996741736061,0.5802663649385187,0.2325619204832354,-1.9690480532927928,0.277238350256913,0.0356288795736433,0.0748313687395978,0.0712078156931954,0.0752052148987608,0.1779179937750435,0.4227358633630373,0.999056169980398,1.069479796074773,0.9371197217033717,0.4235024301397747,0.3963977905108037,0.7951384915183257,1.342475610252562,1.6719348970279329,0.734284368025342,0.8332806908957633,0.5653929000846604,1.1254869965184666,0.4052363389631715,0,0,1
D1_1257_3,D1,1238.618251920833,2.9849918016535075,0.5327875853779843,0.6896959560225819,0.3709589423884969,Tolerant,2.0119081651718385,0.0382055979792555,0.1749985597534546,0.1747184160129009,0.1615279233316131,0.1451660731919358,0.2078874624490292,0.3598240210863376,0.4160504097212804,0.4609090595157369,0.4362625448162244,0.4207474118444337,0.4596883530134766,0.5006856290801466,0.3199250466188236,0.6616177905957029,0.0025881259930517,-13.087412339174833,0.4222329350138257,0.0157550716082329,0.0735974313275994,0.0932086684796308,0.0604040775706415,0.2950611519624355,0.2046792099066734,1.2114469461098587,0.7877465797966855,1.5430011819437257,0.2507256039721842,0.3190481805066974,0.8194438432034283,2.843061604088802,1.6553238190632176,0.6760741904928997,0.8726587173660658,0.5137753513411147,1.191182853402868,0.3887107899811717,0,1,0
RD2_1228_2,RD2,1228.37698645174,1.986730197745733,0.4716245002741975,0.6666927707915795,0.2767806076623886,Intermediate,4.165831436425996,0.0433648300671898,0.1503107769827165,0.1524838336740456,0.1379348886884639,0.1133081177322524,0.1679016533102392,0.2061879819532071,0.20802350703212,0.2224913153684653,0.2609174401898077,0.2281749055486642,0.3086706241452107,0.4018956567748635,0.1737342922205471,0.5441737253527829,0.0003494326780946,-3.584814498773893,0.2668439061438709,0.0684060236106406,0.0756508768465574,0.0986765414181,0.0999195044421116,0.2697855007869673,0.3708457863779789,0.7595819092057073,0.7689628512814927,0.977901460437556,0.2813895711980974,0.3650828723890771,0.7880683183677784,0.8746838033439039,2.2362851707378653,0.6721787362040507,0.8706828437851574,0.6642215985881118,1.0693344278514454,0.2956867087418482,0,0,1
CK1_1252_2,CK1,1257.1580679617325,2.0204544770973207,0.5821019632050671,0.6415332286656876,0.4997137645898287,Tolerant,0.9536913540180538,0.0455516550431295,0.1882472725649423,0.1472793272596774,0.1186174555167322,0.0701530525087576,0.168734758526457,0.3354561083769354,0.3859570576463114,0.3892794094228616,0.4015351297017068,0.3811025576865075,0.5427710275941104,0.6988130934827583,0.3958116134014234,0.6802512694671558,0.1228080113097791,-5.364438185541646,0.3598364333465653,0.0338351527371849,0.0718411631680878,0.0905650485972112,0.0862498153556402,0.363318081436201,0.23750766202103,0.8296229627491103,0.789124641875727,1.0421643866797816,0.1969197776558157,0.247367867613518,0.8318415222860073,4.651463921413417,1.113546274335075,0.6668611055072785,0.8560422283050506,0.4027103550346865,0.8487340978825948,0.2002929809291956,1,0,0
RD2_1235_2,RD2,1238.7313759103472,2.0100179593779663,0.1719451213478388,0.2378852759551021,0.1142620001127595,Sensitive,13.097076712113395,0.043263447760608,0.203085108444552,0.1330921825962647,0.1466691971046023,0.0715176135616574,0.1462299636561189,0.2031303421851837,0.1847796950286098,0.1683508389008598,0.1469231483239049,0.1306158858462139,-0.0028438962812532,0.3449844914386308,0.000482216707054,0.3547972866636628,0.2137495141244859,-1.7525770788174129,-0.1607420954524192,0.0519905136101151,0.0638488705639557,0.0868835719151051,0.0860033055293182,0.1891739742661616,0.4533596648913502,0.7425057353645982,0.7407998289888029,0.9974112788655936,0.3380123991831825,0.4517934116805061,0.7506404550624973,0.964643801717882,1.6316030627060714,0.6816185029431356,0.839563341249601,0.6102325121610911,1.1504873491091148,0.4812999683303304,0,0,1
D1_1099_2,D1,1090.1622829451892,1.998613859726316,0.5301104517795628,0.3402839191937549,0.712280888173697,Tolerant,2.911132912794072,0.0273547687358667,0.1278695871896165,0.0661023411070133,0.1325545497674846,0.0589338821822897,0.1316395308133511,0.2085076905571436,0.2160116221301098,0.2459359458656705,0.2483808017500964,0.2463694701726763,0.3019952999518068,0.6027416060553893,0.1552549489406653,0.5800591183823353,0.3215376445032602,-1.9980288735484992,0.3205320777365855,0.0032819341347557,0.0659924232726201,0.0632779482335279,0.0665604024215753,0.2581020058105963,0.2522372298309343,1.0104984431609365,1.041674127284813,0.9719001056514074,0.2574690318258059,0.2474774556829887,0.8105512920839403,1.9880226074176144,1.599079396690818,0.6441862537424631,0.8644575246330926,0.5560970059265163,1.149633556071865,0.4252733510398048,0,1,0
RD2_1210_1,RD2,1206.3628403485188,1.0191052848537296,0.3586194234187854,0.3213141548264037,0.3967122224669518,Intermediate,6.961866303479244,0.0484554116187748,0.1807639467641226,0.1818214139643931,0.1848418014808994,0.122835137619434,0.2011423622671834,0.2610045799966841,0.3147575752888153,0.3027414565926062,0.3187421702627193,0.2928135310653635,0.2600479043196216,0.4405041372039968,0.1593635460123594,0.5325017347829386,-0.0031102111416009,-2.1430367913634845,0.2712631217150489,0.039769655218751,0.0699085827480514,0.1035762112904928,0.1023695360098319,0.2725045145252758,0.3787431616118147,0.679925075105411,0.6626468416679416,1.016272165346456,0.2540798343933832,0.3842251602348028,0.8084133502682423,1.3845383612610862,2.0703453174570483,0.7945599053158009,0.8601437439634143,0.5572815736813856,1.342972777446979,0.3461110793475331,0,0,1
CK1_1218_1,CK1,1241.5946755529724,1.0136863593504888,0.2089344775344972,0.3121033234555788,0.1080920539308264,Sensitive,11.985715161100114,0.0315186804749534,0.1421140483869404,0.0880539744494612,0.084435498923654,0.0718013577796656,0.1322211886152567,0.2416125620082748,0.3049249692139922,0.2434088029683847,0.2806398494119569,0.273784421906533,0.5337605267848959,0.5876541758738665,0.3084385576608688,0.6794815242544526,0.2392603001035344,-12.593200430282977,0.3297944509409701,0.0118626145287982,0.0575215261035339,0.0874877925019477,0.0683071306799224,0.2779705948204775,0.2498091216457624,0.848848397493041,0.6569908307331006,1.2822761230996742,0.2103658677485483,0.3169904487843238,0.830485595430699,4.294930065268755,1.157188771296197,0.6490527098005912,0.8066451023612043,0.4291177717219856,0.8652531888265788,0.2110562696319331,1,0,0
D1_1218_2,D1,1217.2607708488651,1.9955112084294648,0.2082494421555429,0.3044317418980167,0.1011413068591163,Sensitive,12.051408877720558,0.037688096608928,0.1824388757725247,0.201929131746995,0.1964447470336516,0.1232438955703107,0.2233780106750618,0.2786983471375752,0.2880942168981737,0.3045301231084648,0.3159623274655397,0.312452746730823,0.2362824208927518,0.4403499697891551,0.136618781339827,0.5462468145512477,-0.0480625645374982,-2.038565747820448,0.2690063315052633,0.0043614437075653,0.0678335189850478,0.1096186776329854,0.0916726819793313,0.2982140641057524,0.3031954433766461,0.741100480887343,0.6129949122017139,1.2114583390856613,0.2259490667541761,0.3678832497360808,0.7932368798904305,2.6628758196516302,1.227637959501184,0.638870288858394,0.831784653789379,0.5103204457336576,0.9165537201481286,0.311652922142924,0,1,0
D1_12_3,D1,25.21409654175396,2.9928539532609024,0.2652430936219852,0.2463870129927408,0.2945602154629885,Sensitive,8.956646945950373,0.0452211578825151,0.1848489589172434,0.1796568953305317,0.1781142695694303,0.1083546470405822,0.1808018447405426,0.2530882992509634,0.2892531178942603,0.2752886049391675,0.2769609757506942,0.2539942320805331,0.2178011927218863,0.4348629667264564,0.1249374013129363,0.5076555226123268,0.0099108768184965,-2.030816934300469,0.2081110556142468,0.0452016835014044,0.0679432729069834,0.0993320957537805,0.09052953409392,0.2797953104244718,0.321461418370332,0.7545613792472673,0.6845821163448385,1.0945417871135117,0.2427236198070115,0.3542790544565598,0.7645661920312062,1.3661507904087329,1.5480745402061706,0.6558399138829537,0.8637686976642149,0.5927432067106236,1.09531858726513,0.4461066709538081,0,1,0
CK1_1219_1,CK1,1212.4002788072266,0.9927755969852716,0.2405168980229537,0.4009828558549738,0.0752520753592666,Sensitive,9.965351564248346,0.0348769956090684,0.1778118795490333,0.1072891534308163,0.0974170162473858,0.0632908288439849,0.1173300848384007,0.201084381323207,0.2182651845670905,0.1928778008082756,0.2181617756090067,0.2346263657025899,0.3737939991988966,0.5447558487853537,0.1891539031144047,0.5746354310166997,0.2491283084321758,-3.874693142843863,0.0983234417801476,-0.0473678868059073,0.0628105056717904,0.0891445464050773,0.06893464965425,0.2853424284935081,0.2417677167597508,0.9169122101692272,0.700051071895715,1.2933178484136425,0.2184517359585878,0.314206979536449,0.8159101208485299,2.516732467393453,1.413137209553108,0.7093525165917829,0.8203456767059496,0.4895027051663237,1.0092440936396734,0.279853646496572,1,0,0
CK1_1099_1,CK1,1106.7180837073854,0.9949630643402496,0.526735985887481,0.3534788326949449,0.7094344722343323,Tolerant,3.06049080876453,0.0322748783962994,0.1666936086187959,0.1623922115259138,0.1370218870655573,0.0697221158558066,0.1593363407805954,0.2878624284187248,0.2903780756030049,0.3147820596590601,0.3413987739071249,0.3261984288448383,0.4360785980332667,0.6646623923903857,0.27107501103324,0.651965194029209,0.0128990966514883,-3.1719413726272867,0.3488674473492912,0.0328432550620723,0.0713878520560566,0.1126432965862413,0.0851617902784417,0.3179056642903995,0.263748691149241,0.8423090352412428,0.6351177133379663,1.3302832228677033,0.2242554933905281,0.3531770655411109,0.8136992531120135,2.505104527254937,1.3526205446619108,0.646975609622606,0.8822322738296872,0.5068835631559607,0.9861187655034324,0.2687049444123616,1,0,0
D1_1235_3,D1,1234.0772214420222,2.9928884363039825,0.1675814691127688,0.2365898231932747,0.1095284612955182,Sensitive,12.84223412166859,0.0354333166600001,0.145457132792232,0.1495306852008259,0.1590775648772269,0.0930713858055863,0.1710952286465288,0.24260634699847,0.2624723460856196,0.2007331556875508,0.2204455244220383,0.2656401316091097,0.1563637879066467,0.4068978684551376,0.0852690330042128,0.4888325057287015,-0.0094579713830518,-2.220513866495966,0.2063627681403137,-0.0920393873384101,0.0618880419236933,0.0821402434931664,0.0871207927459552,0.1665940044021474,0.5238024745002411,0.7171522057526571,0.7508238968064465,0.9533033994222448,0.3760554895903222,0.501279855896364,0.7649583012390978,2.253091313806063,1.21701915536166,0.6106794762765932,0.847526383980514,0.5365554286831246,0.9053213667139172,0.3407206553436483,0,1,0
RD2_1228_2,RD2,1214.2888883700336,1.9865075484366743,0.4747177362185352,0.6677091994077983,0.2694452064441364,Intermediate,4.07803269230262,0.0433615171511024,0.1508212059931518,0.1515823425181567,0.1380070260767461,0.1126547678898749,0.1674763304602538,0.2043748734233831,0.2090576059848083,0.2249454343854388,0.2579490904527543,0.2239604492899083,0.3101320628199813,0.3970419663116851,0.1730733941886976,0.5413644953644421,-0.0065475322666438,-3.6234877456984753,0.2713464340987095,0.0683228509172782,0.0761048831587044,0.0979274824859244,0.0998272664687265,0.2712619731756965,0.3712568281524832,0.7567459310416497,0.7712047571922781,0.9875912291975784,0.2826588683191507,0.36331922181519,0.7878544029423364,0.8936826260245413,2.2260330113678477,0.6728944907725589,0.8708745011086135,0.6670643121977583,1.0689698244911654,0.2905822660410433,0,0,1
RD2_1257_3,RD2,1255.175872826009,3.010894505492803,0.5301642247119698,0.690346598554729,0.3746694229646499,Tolerant,1.9271448380421936,0.0485251588798178,0.1482161963249716,0.1519768227796873,0.15663390272996,0.1474385383500871,0.1700177600413228,0.2015288782968334,0.194747373565613,0.2451928991952062,0.2818121533978991,0.2767946421527634,0.2847507686109515,0.3067368342092989,0.1682218092093773,0.5287170258386629,-0.0158204052689606,-6.434541778373931,0.3063053267432207,0.0014211620596789,0.081618251779989,0.1031104783672793,0.1104668559286922,0.2933127469946307,0.3765976190235011,0.7379801748558495,0.7870452076772195,0.9357278621742762,0.2792948291478688,0.3557249377188128,0.8080517410559961,1.6903618730446577,1.815513940941168,0.7484395787192095,0.852959586335478,0.5440771242715065,1.2541497838752964,0.5004989389504175,0,0,1
RD2_1235_1,RD2,1245.511181165262,0.9963657855378456,0.1757246212438233,0.2331066503991104,0.1056796511442452,Sensitive,13.010609559335716,0.0299629503407778,0.1381189065191601,0.0924649646439849,0.1020201487890174,0.0596726546765597,0.1025662208952153,0.0876240180113526,0.0805812109718679,0.1017547841463149,0.150689029174792,0.1512694950367709,0.1811646397422734,0.4238924468220044,0.0719953243710941,0.4719948914756358,0.2013900806984492,-0.5561046593525028,0.0403383807650145,-0.0049284099128253,0.0681031454292524,0.0925024597395015,0.0855879172484749,0.2044326492014286,0.4231976514809853,0.788328568177488,0.7403293300838111,1.0679926232122612,0.3326343850577287,0.4521033346784281,0.7861430550937578,1.0851256158832097,1.8848866638852289,0.7252004662731534,0.8391771535494381,0.6343155742053954,1.3027590155997175,0.6078851934986341,0,0,1
RD2_1210_1,RD2,1211.5316362555598,0.9903996941024612,0.3551872082746826,0.3100904245942347,0.3987330669379321,Intermediate,7.138379588205835,0.0482967509056623,0.1804133204108944,0.1815002711900409,0.1878773137029579,0.1228195548353347,0.2008189430527537,0.2611290929154898,0.3098132516133742,0.3022240095868437,0.3209352811137755,0.2947086922791566,0.2551843826907691,0.4414642246032521,0.1544716150515639,0.5291256162101282,-0.0020431576707509,-2.0666383462621094,0.2749045791772074,0.0388242631417498,0.0694893061321161,0.1040475886676686,0.1023614416480149,0.2707752384514028,0.3746183380848523,0.680150798666757,0.6738704510938806,1.0094325166890752,0.2570011095585038,0.3828090230803553,0.808744620753597,1.3818415036900824,2.07162486719128,0.7944928704736687,0.859854809565789,0.5585401409228788,1.3427764864427574,0.3419819236427325,0,0,1
D1_1274_3,D1,1258.4714847741427,3.0287437147034777,0.4128711405532187,0.5546698000176031,0.2725613736989422,Intermediate,6.043342523960248,0.0460559686339306,0.1622863555524726,0.1864965035015633,0.1625235716813371,0.1092415061873558,0.2134371929402298,0.32977349170366,0.3527728302371344,0.4108303439762038,0.3952489009356607,0.3284360568723534,0.4261570098176153,0.5699622397001317,0.2926699136801303,0.6288311025394804,-0.0701578080130428,-4.305388531606859,0.4176964066777133,0.0967460757743899,0.0752407020284256,0.0950132513683546,0.0932596934855699,0.2932611496056838,0.3207849072254765,0.8069373337804887,0.7882462101075667,1.0233478909560527,0.2569846994872812,0.3261865684286263,0.8198838219086817,2.4541166445133493,1.454124117997264,0.6663818615836096,0.8625289872150871,0.5129867056072218,1.0469416388170658,0.2958087108150335,0,1,0
D1_1214_1,D1,1202.2680946471871,0.9895968650068134,0.4215054621172049,0.5921331657637114,0.2495886686700265,Intermediate,5.00054164671067,0.0314904996495353,0.1277069877238386,0.0804145163454446,0.0793884104463085,0.0713061938234147,0.1230912304559575,0.1678258755770024,0.2266773239583086,0.2650688202751707,0.2511341438115081,0.2408511402384287,0.5272725452993794,0.5650018598406502,0.2857646379004178,0.6698685916292624,0.2317522669649563,-11.905651880572355,0.3257835482039214,0.0193865233997942,0.0565779065257763,0.053730471679831,0.065114911883688,0.1251275989451087,0.5218983780172362,0.8698798238821474,1.0498762052798802,0.8323398795310128,0.4529397523665264,0.4315441909709271,0.8189514137292623,2.429324178107554,1.443578512830458,0.6683935358211225,0.8653349161190224,0.4946767755505669,1.0467799038708483,0.3118191822757791,0,1,0
CK1_1210_3,CK1,1221.667331280563,3.0039917831705445,0.3539945953368141,0.3180956925327465,0.3991109266403878,Intermediate,7.0094819468797445,0.0441656400629113,0.234708383759918,0.1752680106158738,0.1607420238701208,0.0956118373879052,0.1968942772547928,0.3426577751972454,0.3175257357500439,0.3561481509845484,0.3895552163987448,0.3711596910018484,0.4154950300563563,0.5972394654236884,0.2790817951668505,0.6240957284461414,0.138890028878663,-3.849570615004324,0.2375301370813797,0.0191989234852266,0.0763957807654063,0.1292330305958227,0.0928191764847389,0.3353516047186878,0.2780397063275593,0.826753118695392,0.5938173954012064,1.398168275533551,0.2286157241582508,0.3875166192603616,0.8124419252188828,1.9295247321781492,1.5133539319130205,0.693766344561001,0.8761033722853943,0.5349856560134296,1.0480812602229252,0.3006923807809052,1,0,0
RD2_1257_1,RD2,1246.6803516374166,1.0160531626449565,0.5319188710422438,0.6856617982524423,0.3777904349435068,Tolerant,1.9578794628501728,0.0454577833231338,0.2005544838114125,0.1678206150067671,0.1650331751234172,0.1373098137701164,0.2216293624520563,0.2795699247338767,0.329972202146427,0.2838781064278956,0.3088284802252125,0.2863053914247397,0.3040286023067198,0.3799526898776937,0.185118430037189,0.5594180984304785,0.0895309675078444,-4.900162891932488,0.2124374451327939,0.0458494198045821,0.0737409795726785,0.0955030783790029,0.1063393305146375,0.2487667960031849,0.4267754666771357,0.694222488000442,0.7768878433220118,0.8951300480200728,0.294749385622124,0.3820642892189079,0.807891012680846,1.9223305202793712,1.7613451252661698,0.7250498314199522,0.8559013836331903,0.5342217215245935,1.1752855669482527,0.372704084928826,0,0,1
RD2_1210_2,RD2,1206.5789703983617,1.9876879899827788,0.3605091740915649,0.3170944088855439,0.3994084773980911,Intermediate,6.977949287105154,0.049692228379671,0.2061118156723261,0.1981377984963474,0.2011460521282238,0.1544329963061775,0.215948267184025,0.2573488432529461,0.3148041229714792,0.3349682728379128,0.3249062288113595,0.2853982615022697,0.2397936594509006,0.3644724325962135,0.149162439749974,0.5279980117170503,0.0265750605264756,-2.36260055737322,0.2307553444304,0.0660716383894209,0.0718969776780808,0.1154041820318404,0.1013490373848859,0.2880859210121664,0.3542102578308502,0.7119246078276159,0.624081046369574,1.1374750923995876,0.2512474874300903,0.4025690539286868,0.8079834822119529,1.614136519895927,1.8451221774753856,0.7577978307975567,0.8651478457093209,0.5322258129119709,1.2586916962049626,0.2918521243916966,0,0,1
RD2_12_3,RD2,25.17437971310252,2.996791760869568,0.265661664240379,0.2384625367680504,0.2856685943667454,Sensitive,9.015822735756291,0.0510736440261046,0.2058343559673297,0.201188649504923,0.1770774007564159,0.1125892877178123,0.1766958949741286,0.2327914378318614,0.3105426943313383,0.2671959337528651,0.2566348644799083,0.2392259533842505,0.1912463747139288,0.3964429027723715,0.1089138754586251,0.4790448896082994,0.0178318000237845,-1.9624979296783491,0.1137515821136534,0.0472306630242887,0.0716745436470309,0.1036247414105845,0.1015571573162963,0.2628842476350514,0.3912865415627459,0.7078226782418775,0.6969361760415806,1.0152261134548812,0.2757762818857803,0.392774499796634,0.7799246850323855,0.9646742321939932,2.22588562954003,0.6595267041154932,0.8570390060475226,0.669116550799727,1.4730869574086192,0.6858649481794709,0,0,1
CK1_1218_1,CK1,1216.5471169955088,1.0002170836604578,0.2081050982603075,0.3049953015257714,0.1000135250891358,Sensitive,12.020513993092788,0.0318423436358709,0.142506507814785,0.0864625481797929,0.085332564686713,0.0725161920307072,0.1331862034966083,0.23973614788487,0.303473607405561,0.2403140460776438,0.279336625871386,0.27595833771334,0.5328436711940443,0.5884241083282519,0.3122052515413359,0.6795750690198399,0.2378382743931512,-12.662880840706675,0.3269330769479744,0.0111266846402969,0.057944368527871,0.0881107080123912,0.0678977442968888,0.2743731843786355,0.247483302196644,0.8453781599392184,0.6545579061540033,1.2840376433402594,0.2090745807789431,0.3175238826789896,0.8304414660339419,4.322241688569547,1.1486007120582442,0.6519924886112439,0.8075944584909601,0.4280340918061044,0.8679883162980284,0.2121902878116915,1,0,0
D1_1252_1,D1,1255.710899295686,1.034058415062957,0.5724328098859462,0.6498228174748765,0.5030077132776835,Tolerant,0.8819241299553577,0.0475722813536727,0.1957699701279355,0.1596284693802885,0.1366327441885755,0.10217930434846,0.1885775437462874,0.3838852126376222,0.4786935922087974,0.5436610408609699,0.5422618242392587,0.4878664781177547,0.5958511038354205,0.6820673338835969,0.5024353096911531,0.727010153196059,0.0982819935524606,-8.247012739691854,0.4738540479066973,0.0507949486078272,0.0695218504896857,0.0623112407449885,0.060468936720289,0.2893338191046102,0.2083063065555199,1.1556680024433683,1.113183634217805,1.0479568853752883,0.2376987418492625,0.2150784802507893,0.8197762137084758,2.3905035136063555,1.4318565849908758,0.6438980694431728,0.8796032748052461,0.5064130127939473,1.0213857159288766,0.2676908476409974,0,1,0
D1_1099_2,D1,1101.0045916115596,2.019934116084084,0.532597379038214,0.3504859942868871,0.7096819589578833,Tolerant,3.056277116752917,0.0271894134854368,0.1276631948830066,0.0646142368514575,0.1313378911849831,0.0604621771335521,0.1324339954804861,0.2092641492335803,0.2172839994319316,0.2454467315956955,0.2479434817140479,0.2452780582192888,0.3038116252552719,0.6056614750993886,0.1570895829008902,0.5805235324399953,0.3223954741401357,-2.053799535834447,0.3163512039407998,0.0025758747981471,0.0663309738110045,0.0644533684332757,0.0663229434337995,0.2592370836802332,0.2581514299749115,1.0073509734721726,1.0514585067605846,0.9665838405484466,0.2574467864439037,0.2464121926216833,0.8105566069718616,1.9909396953335643,1.58434350606735,0.6450242562763139,0.8651194031574166,0.5558567088484071,1.1416576160866672,0.4211150462907957,0,1,0
CK1_1218_1,CK1,1216.8573073004625,0.9900247661282529,0.2041078621130336,0.3180029824657949,0.1020239976900843,Sensitive,11.890500242894102,0.0317432730230992,0.142184762375148,0.0878473174104595,0.0854661973430759,0.0722822441595193,0.1322595975359513,0.240013329753762,0.302134126697747,0.2407621224046342,0.2777475978603234,0.2718549175110088,0.5362704257593324,0.592538371427338,0.3154710762714173,0.67927742847712,0.2401834744674031,-12.879112707934064,0.3278616148738982,0.0103574192323781,0.0578052971907865,0.0878261544351234,0.0678824589897982,0.2737506497912898,0.2465321443184518,0.8476232538709774,0.6604848530464392,1.2803421053738742,0.2085568210173458,0.3174599572878696,0.8304177817031458,4.268588982298513,1.1386100453532182,0.6485668512209025,0.8075638091400195,0.4268194470449313,0.8675217883695125,0.2164432921782459,1,0,0
RD2_73_1,RD2,61.90125309347286,0.9966142548362976,0.3304047932531696,0.3377056939382995,0.3143391137812346,Intermediate,8.087442542144293,0.0509461024099919,0.206022560729733,0.1892466869728094,0.1860229751282303,0.1231166375946077,0.228105103814247,0.3512203575456883,0.3712149980364674,0.3343943151351445,0.3148345149113154,0.2984805931553084,0.2538029407084197,0.4414482721429955,0.15798212606658,0.5242110581348968,0.0444049257818416,-3.3644353937258,0.2131433487245779,0.0303697597530119,0.0797526207116399,0.151448923779055,0.1017793084546759,0.3257735310097357,0.3134345472866144,0.7773298987841635,0.5236402065444404,1.49021056743479,0.2434803011614173,0.4670718283289504,0.8091780368267378,1.1383277539293108,1.9877709826877412,0.7137269062075063,0.8545969995193167,0.6088322650872822,1.3034157684163286,0.4049896146211226,0,0,1
RD2_1228_3,RD2,1218.18171446432,3.018264206516713,0.4691916905664199,0.667620924149591,0.2770071305679047,Intermediate,4.036459391840947,0.0490756199580096,0.1633760549234903,0.1314228897770577,0.1484088951711017,0.0944761240500398,0.1529609876197089,0.2352040083499758,0.2366873775942444,0.2181969165735718,0.197837401577087,0.1930475330812894,0.1445484514230968,0.3599032385114233,0.0718579997398498,0.4310583948004037,0.1059822586320873,-2.7412309246337245,0.0967271892614416,0.017237812137524,0.07816610687138,0.1047476300389383,0.1028158996141175,0.2646690143313607,0.3909478944465016,0.7534326674804129,0.7518603156307792,1.0079004786093966,0.2954319727713768,0.3945484879341535,0.7926910332407587,0.8749430316811735,1.7260522604362565,0.6741340114587532,0.877032689827633,0.6167656349699205,1.0710555200426817,0.296403525426973,0,0,1
CK1_1218_2,CK1,1213.2496613015153,2.0213942440619643,0.204202911860396,0.3126364182921449,0.0982103545978196,Sensitive,12.080660705465329,0.0417055556461171,0.1705225405703599,0.122005161656552,0.1200987952958882,0.0509097815778741,0.1311231911659335,0.1814469856303714,0.2511308248317603,0.2805368627090183,0.3001774969449175,0.2342886649099128,0.4297089072698027,0.71015961926452,0.2688448970595362,0.6169550185231115,0.1686823307034224,-1.6098354049213015,0.2755990319293984,0.1224384925503593,0.0569929713014213,0.0815183400852818,0.0604692749375833,0.2356516829772983,0.2575406360805391,0.9380996200321696,0.6941158859983384,1.3572693612143198,0.2416715313221947,0.346923676993543,0.8280344393737621,3.4384202450375936,1.2543549617010494,0.6679293723325908,0.8247860834485643,0.4596424230281682,0.9234339686185205,0.2365128526049209,1,0,0
CK1_1210_3,CK1,1212.4205330300742,3.009598157957436,0.3563366448336737,0.3108358785877731,0.3984137651068306,Intermediate,7.001427282864045,0.044216124430944,0.2341944687513855,0.1761031222902105,0.1603521730863328,0.0958948683591099,0.1941870708211772,0.3448248892621586,0.3178320733884565,0.3516963299480151,0.3860275625241982,0.372332212627134,0.4187250613527387,0.6040834929698707,0.2773237202584008,0.6256457714617025,0.1432767327502162,-3.8437368898010753,0.2451226797323706,0.0196367400790227,0.0765009223244156,0.1298113502385823,0.0929434077244838,0.3341879117600132,0.2761876326954481,0.8191165149796684,0.5881048569760216,1.3960836281708258,0.2272634913775749,0.3870863259012289,0.8123291946521093,1.890200849940622,1.5167304971808602,0.6936511398844267,0.8761266799149781,0.5333654958980031,1.0507775891462086,0.3027024966702932,1,0,0
RD2_1099_3,RD2,1101.584193785839,3.002045056328526,0.5276513557606869,0.3430113019904049,0.7035388437505303,Tolerant,2.956117969956336,0.0676789631522589,0.1758260293364268,0.2171792262414911,0.1957545721195877,0.1815024413590282,0.2933525714188283,0.3454124375226137,0.452415929528385,0.4872522848223374,0.3805740387289911,0.3426279393444856,0.3229644980811038,0.354243617243439,0.2255914327546811,0.5408708558834083,-0.1042710184424003,-11.836576640350494,0.3639290465834551,0.0530743874151021,0.0906639626491638,0.1496716420081874,0.1093436224380796,0.2754822658915205,0.3945397348589149,0.8280557292249987,0.6064674818735227,1.3701212862049534,0.3294876608259731,0.5395845950077693,0.8089167421563846,1.5316367762022929,1.962460976945256,0.752686805315934,0.8756373511118568,0.5314981311984998,1.3618890867118167,0.348926848989353,0,0,1
D1_1219_1,D1,1201.7569692769405,1.0021223381727749,0.2360746359840074,0.3952769994053696,0.075424072841267,Sensitive,10.00865269933217,0.0543539868088097,0.1557886340741014,0.1953049584822375,0.2125365946873709,0.126980908647635,0.2451930170232323,0.332992017170305,0.3593219768575592,0.3679188837186514,0.4046805839039611,0.3636729110395575,0.3159554263593736,0.5235598642307465,0.2070140246124068,0.5699331660159764,-0.1110433043761571,-2.4145860121165685,0.4400578486331384,0.0542652140366535,0.0639859995107476,0.0843823945170491,0.0848038601700415,0.2179225010993566,0.3961240972451024,0.7552293891493034,0.7602583144720929,0.9920311220207834,0.2980166475207551,0.3902044554166051,0.8149950425799793,2.0456668453960427,1.5129706449643343,0.6506472184165144,0.8722945414694407,0.5443546344829231,1.072537062509774,0.3319990048781741,0,1,0
RD2_1228_1,RD2,1240.4630446476417,0.986123782645784,0.4720703027477839,0.6637389747920035,0.2753150771683162,Intermediate,4.058035563018294,0.03101847588576,0.1384006954975489,0.0987908711502669,0.0977675655645102,0.0801729944561617,0.104591934179125,0.1299592468221138,0.1589838858866288,0.1444961863430605,0.1864927410006688,0.1970097075069054,0.302655817047347,0.3990226149032602,0.1404856304843828,0.539976503679182,0.1657745963407006,-2.7681669623512013,0.1402031691649131,-0.0374517651907817,0.0869512498458408,0.0980579616271698,0.1016668593419105,0.2971394814133257,0.3444205029410948,0.8593274770416021,0.8881260030616651,0.9721481678499112,0.2938969365427987,0.3320339073745249,0.7997419550288014,0.9172704520339844,1.8794985987321773,0.7344824245096344,0.8124907154152751,0.6231066022428782,2.034678580112125,1.715762562212272,0,0,1
CK1_1274_3,CK1,1283.2020569676351,2.9962042335867665,0.4122604736694986,0.5513987804722325,0.27379525647075,Intermediate,6.047786813858568,0.0482965320763288,0.1827926627906039,0.1656265474188791,0.1317319659102927,0.0920375000226394,0.1877565929899417,0.3076902467722054,0.367322179779152,0.3474205676179459,0.394452258424628,0.3340064271068799,0.5010941461935401,0.6225848084030472,0.3627118770401453,0.6579856024126235,0.0529506763074536,-5.360680636466406,0.3661713317520705,0.0871852722412704,0.0701783179391325,0.1073031995901824,0.0745555112547552,0.3059370436089859,0.2464612446921641,0.9357424664414852,0.6450951817422963,1.4434592811238494,0.2324008167293894,0.3548043372172317,0.8267178558894724,2.90203240534514,1.2820094819464272,0.6694163059577618,0.8701132665613417,0.4733487218726847,0.9387902628066918,0.2340761322578365,1,0,0
RD2_1214_1,RD2,1215.5094918452814,1.00577290765419,0.422061601903309,0.5947961835950393,0.2505196197712818,Intermediate,4.951219906327461,0.0497113469157808,0.1902606050514381,0.0975986363312804,0.1130370000837272,0.0743740253885335,0.1117826987895278,0.1413824808073426,0.1462821395908229,0.1352674286993706,0.112277858538126,0.1107935303406281,0.0016303183107482,0.2039191149016266,-0.001660877976399,0.2821815721834181,0.3181328072722275,-1.8421426091028708,-0.2549220413198541,0.0086591686473001,0.0760096786249858,0.0416460294176822,0.0639510358480162,0.1701937019053216,0.3801942611076346,1.1792424686655645,1.835237413810629,0.6440223374153031,0.4461597100023376,0.242728467445581,0.7470164513258483,0.8416471338461586,1.9833436166135432,0.6961752216578365,0.8348458006294521,0.6361185723788403,1.3407043898956226,0.6476960929218015,0,0,1
CK1_1099_1,CK1,1098.474252247816,1.005067690616386,0.5336979339316232,0.3446658956176529,0.7093892204973158,Tolerant,2.9399017366539137,0.0321638280136106,0.1669707112698208,0.16343407034665,0.1372686417303186,0.0696617370598743,0.160429324282113,0.2915906791078397,0.2865839962470958,0.3140380583029812,0.341446753522217,0.3253654444489853,0.4369064520739746,0.6711470842761859,0.2688114625969663,0.6526576593751391,0.0141470443675647,-3.204873499613508,0.3428909307742436,0.0341653054533758,0.0714997800013353,0.1127061636925695,0.0850458751328934,0.3180102193524535,0.2653070674431371,0.8399274094038242,0.6270657610246421,1.3318053940801502,0.2250566476556875,0.3527033546451102,0.8134486472688918,2.500458732929033,1.3576451028498204,0.6466472725589946,0.8811758571211354,0.5106849873746041,0.9839262489952544,0.2883310144538973,1,0,0
RD2_1252_2,RD2,1252.3948306796674,1.98481216436478,0.5779104420694551,0.6490861102688261,0.5048150412416944,Tolerant,1.0894796085716816,0.0453380724609509,0.2042980246774796,0.1913883492451699,0.1494921169686742,0.1238506911134401,0.2044298347466121,0.3086735111360646,0.3571934881012105,0.3994422603760985,0.4093055984869658,0.3801241919895447,0.4577718185497536,0.5315200774610833,0.3217603762605809,0.6507874787072765,0.0316365192242322,-6.860404415206316,0.3306901052867144,0.0344800435965946,0.0750437908954221,0.0966960970596864,0.1016420320103657,0.3071775632160541,0.3314358966845898,0.7388729522605716,0.7849995307206864,0.9457863083595146,0.2446793765220107,0.3141915454269881,0.8085462561672789,1.768985547890376,1.8372256319922344,0.7921283482561863,0.8544621368707536,0.5210145844856814,1.216273809431473,0.3567722623676644,0,0,1
CK1_1228_2,CK1,1229.1669580505268,2.008001368874864,0.47283785103991,0.6686138552992001,0.2693797217770477,Intermediate,3.8977127561489455,0.0279268785561894,0.142227902661101,0.0847574913211802,0.0839622697007476,0.0521452669908944,0.0978890664051241,0.1417901818225646,0.1841479379237729,0.2013713941974558,0.1807980758591078,0.1916225627744275,0.3645468401872062,0.5574646699087287,0.1717009352575585,0.5832225234846187,0.2590606419011368,-2.758837831432252,0.1175909282471005,-0.0238986735201933,0.0657195828340638,0.0771116906457257,0.0730236598721239,0.225195692157679,0.3233283121412524,0.8917198607154181,0.8451959366896273,1.0544903606549705,0.2898573395667248,0.3428046620986031,0.8312146693406939,3.458019973354444,1.2640107199250588,0.709115312988398,0.849467774449829,0.4390704731716568,0.9271189697511922,0.2326710149842539,1,0,0
CK1_1235_1,CK1,1233.7460770045886,1.0013219810790264,0.1710263332501324,0.2325561112168669,0.1135293592373779,Sensitive,13.033439626148564,0.0363117867466038,0.1746753824083641,0.1310766263566636,0.082914304380188,0.0629159136891486,0.1155990763630024,0.202192980428455,0.2628091895330411,0.2761664065593791,0.2557080639094352,0.2593519552762194,0.5113832507893851,0.6043489613732584,0.2927388606041946,0.6530384327028027,0.1415590365181234,-6.971206972126749,0.1852159947730261,-0.0090183372455698,0.060110771435122,0.0816380122337832,0.0646298322918708,0.2774729215865784,0.2308948908693659,0.9201688598328348,0.7322718819854965,1.2764584101721423,0.2140054907255202,0.2915081552328162,0.8292356654353932,4.713582836572384,1.0693201326471842,0.6054538908415337,0.838339607755517,0.3994089397951264,0.8292691262138354,0.2005814248410771,1,0,0
CK1_73_3,CK1,68.76501185255732,2.9967391282661366,0.3243341326154218,0.340337230344384,0.3101158473063645,Intermediate,7.966622046669166,0.0292903519398216,0.1754524680014468,0.1581397207088159,0.1231703512271874,0.0811850345661587,0.1544415193004468,0.2613272283395793,0.3169336660875755,0.2933149433707398,0.3493271898427437,0.303859303620516,0.4806307800855349,0.6274759459709787,0.3057040670763111,0.6763704745867908,0.0510585599103529,-4.176692412972447,0.3325818464485537,0.0650707645726385,0.0740925961581391,0.1412069186665052,0.0853300283745953,0.3071054134630766,0.2827619409408107,0.8620802135906268,0.5200191977960494,1.659713170373898,0.2439844576842203,0.464115363261678,0.8258704308817879,2.392004587256216,1.4321561990513612,0.7100752134886861,0.8535312285704563,0.4997363786370605,1.0003035882655134,0.2584959019886453,1,0,0
CK1_1210_1,CK1,1217.154884330091,0.999181543191706,0.3553236154221337,0.3105941311983775,0.3985551432620872,Intermediate,7.022630163753617,0.0285102096654699,0.1779901312195929,0.165733602215889,0.155835912851866,0.091761026671844,0.1864537417694287,0.2713658996947904,0.2862391808153904,0.3228493939173193,0.2902822589051889,0.3336732095540323,0.3002847055705901,0.5198243140031723,0.1681277121486536,0.5905851728919942,0.036882287556849,-2.711288684753961,0.2403357819793072,-0.065939996690062,0.0788851806748927,0.1181650587106165,0.0952793278755961,0.3101011355821544,0.3087260631783324,0.8281988555611759,0.663390274045498,1.2369676804129672,0.2574309728408792,0.3824261634109466,0.8116332297458809,1.9681363550499664,1.517139052756757,0.6776679911803815,0.8697497823760204,0.5346792317483388,1.0500012137251276,0.296871895820488,1,0,0
RD2_1235_3,RD2,1234.2503462488692,3.004854992258547,0.177984199036215,0.2356117084878989,0.1027251121523501,Sensitive,12.992936523650394,0.0467097894674903,0.1754195170248518,0.1284049100588061,0.1200378093993682,0.0934481738842787,0.1359538523678676,0.1716564248633628,0.1867539050748785,0.0790242300291948,0.1420393738268336,0.1848463051868601,0.0919071495232827,0.2124505551720387,0.0378252564538071,0.3725390155798137,0.1486848174287681,-2.878924211270049,-0.101100392259401,-0.1246670365205163,0.0616485949149448,0.0846021890427804,0.0858096717197878,0.1962373553681489,0.438152409588709,0.7160802010412488,0.7329138309636822,0.9731708354757174,0.3134201913575977,0.428989853565914,0.7507947701938066,1.2305358645819309,1.6880862775804488,0.6709249272560801,0.8205916755388479,0.611177825664108,1.0804640507147074,0.3698875018284692,0,0,1
RD2_1252_2,RD2,1245.5574879410744,2.0009207602237478,0.5720739362280137,0.6457150923911192,0.501371910286091,Tolerant,0.9454481165529156,0.0452449091812409,0.2036341946441169,0.1896978662068937,0.1496505823194234,0.1243530591983931,0.20202678954511,0.3064631722310766,0.36257932156917,0.40135638843764,0.4067808279113789,0.381352213927342,0.4615655019296681,0.5282662279917016,0.3245311525291214,0.6451836878760712,0.0374252413057687,-7.145520024026117,0.3276895507212322,0.0318107282883082,0.0747376304835738,0.0969268324531172,0.1021349935652861,0.3060267063687978,0.3289419242359194,0.7344448755649098,0.7779992178225723,0.9481425604409552,0.2440093126823478,0.3144484133363177,0.8085421100487312,1.7848787319650434,1.833338095266805,0.7911581878213901,0.8552798177421742,0.5210186238146854,1.2240103107596902,0.3701584601199565,0,0,1
D1_1214_3,D1,1201.878304668494,2.976478514550453,0.4204716304847095,0.5900811384404505,0.254076497714606,Intermediate,5.026402682992532,0.0451040222518352,0.1494345918856224,0.1192243190234734,0.1041997985550144,0.0938724797261813,0.1481143097126742,0.2759046532390162,0.2959498408248753,0.3010455561464221,0.3323504569982178,0.3302300155946776,0.5307467457636175,0.5619706761716142,0.3592579584531213,0.6572294606900313,0.1123329486649015,-18.43321892171882,0.3802842983011327,0.0099263338637214,0.059242819535393,0.0574772498867341,0.0749606725516865,0.1399514654512086,0.5265222582056258,0.7927246101927518,1.0255119684111698,0.7660487518158245,0.4184796782234846,0.4076241020824163,0.8196254948313086,1.8269179808158496,1.4552540302210306,0.6263445270069898,0.8781091201335223,0.5339793646844593,1.0352267947982552,0.27084340166568,0,1,0
D1_1252_2,D1,1238.6681229947285,2.003598240689186,0.5752873643623212,0.6525397156796587,0.4999576031386861,Tolerant,1.022253443432039,0.041405272806162,0.1982645016020934,0.1491846070839301,0.1161577353650335,0.0759368896192224,0.1840038614515872,0.367457904611432,0.4491704625057638,0.5365257474313229,0.5198211417091406,0.5128699304347055,0.6380023711597368,0.7492328843210597,0.5300450483735523,0.7539288676543369,0.1413823141115429,-7.356028884305664,0.446546578116792,0.0066711777040598,0.073878079549175,0.0739927708881961,0.0593523090511084,0.3017724764819158,0.1945982569251084,1.245802546593492,1.009311724715027,1.2384026357957083,0.2469433385534884,0.2448755431567724,0.8191551132194123,3.131787208355449,1.4306028097312606,0.6490605741792086,0.8600655590161687,0.4741422868425028,1.0250056522098103,0.2646549914768208,0,1,0
RD2_1252_3,RD2,1266.688546986072,3.0028036965318843,0.5743684542618062,0.6519197629601525,0.5056529618992972,Tolerant,0.9758767561729884,0.0443162566841819,0.1846773406458351,0.1578347963294081,0.1643804866236166,0.1164544843327272,0.199881994741685,0.2898176781892865,0.3412124006030634,0.3855532752326481,0.412567645835544,0.3836938687459831,0.4246709618732316,0.5562389037771597,0.2999916656185738,0.6385585359587178,0.0775098786452928,-3.607726740102691,0.3881316754832182,0.0370552476284335,0.0807476164911589,0.1107682316056384,0.1035629215456482,0.3515082192291619,0.2943691182930848,0.7778768051774703,0.7264216129349346,1.0700294565162682,0.2297894515331249,0.3145048728397664,0.8082156817130027,1.759927458048268,1.9226973853923397,0.8166646584560086,0.8623133445021627,0.5231067236509306,1.2545296796629823,0.3867894078693307,0,0,1
CK1_1214_1,CK1,1221.3818047012728,1.0117008715936444,0.424024971564447,0.5931727757582829,0.2522998408452519,Intermediate,5.079928026515839,0.0421885979050441,0.1737599226031436,0.1556678944635303,0.1378366096254957,0.0891736706334948,0.1746610046624367,0.2958057600768566,0.3486181492140652,0.3438316518965713,0.3460426417614368,0.3000211122709171,0.4355635477819205,0.5856240075933026,0.2796280481037931,0.6235096607735223,0.0553217022157881,-4.343324449248273,0.3295970212384218,0.072410180276735,0.0667405110115039,0.1136841185143489,0.0781618275473244,0.3208195392946169,0.244756444632868,0.8489779132170217,0.5803699849216671,1.450257546690049,0.2090317513508158,0.3582656822585756,0.8224946077104671,3.151566231413625,1.18226831080623,0.6142200204715307,0.8809603047806075,0.4777317294262535,0.8994772271972693,0.2341713168087861,1,0,0
RD2_1257_1,RD2,1255.1272029116426,1.0092651217455448,0.5321629034121785,0.6859351067847441,0.3814176940693683,Tolerant,1.973569531927193,0.0458190832483963,0.198779213104732,0.1692345375050126,0.1663025625232761,0.1373034170834338,0.2211513386636121,0.2803112810598255,0.3309273689271217,0.2838848633400532,0.3082203829129343,0.2821205325658331,0.3072955651562303,0.3883190044842737,0.1827534218799052,0.5544834267322583,0.0850018852557751,-5.00587437426036,0.2124914129507213,0.0452491914167074,0.0739974599083692,0.0953586681910715,0.1070000496688912,0.2491229785092149,0.4274666797829162,0.6900778357999178,0.7775895079905436,0.8909673476454937,0.2964870785124234,0.3823632458101244,0.8077160616441765,1.8911002752544144,1.762606444152628,0.7241608500932151,0.8558090107413396,0.5383747887047857,1.1815903321746688,0.3834811834721692,0,0,1
RD2_1110_1,RD2,1112.4309161228475,0.9937576884840754,0.226970083158015,0.3375613471800602,0.1032577474974585,Sensitive,11.149891297893396,0.0440199599953159,0.1628485574398551,0.1293343534221973,0.1393128276410498,0.0905997042258964,0.1377426598209927,0.1908813270744245,0.1778788885103075,0.1656602313793407,0.1995108030135081,0.2146398354509989,0.176275575131866,0.3674915094768921,0.0834913501630707,0.4571274927135015,0.1134862774423607,-2.1375471975696807,0.0930110383090539,-0.0399715612127723,0.0682799865217076,0.0985763108202925,0.09358512799206,0.3100353597440591,0.3033748376418646,0.7328179240938187,0.691750448409483,1.0511689553023094,0.2210821423771547,0.3197466117622259,0.7589523795539855,1.148806164802564,1.5866490785466707,0.5944933338276205,0.8692480754545756,0.7034072000592108,1.6324898598471944,1.8930396267560912,0,0,1
CK1_1110_2,CK1,1113.276764278478,2.006552273202287,0.2222448377537729,0.3411552599651881,0.1103159981529481,Sensitive,11.07539594939217,0.0408427508232521,0.118517116879683,0.0926653335381945,0.0680040864426903,0.0480628491013824,0.0781776777654807,0.1367165943395794,0.2005665730205781,0.1872925271852419,0.1815186964543724,0.158243854355784,0.4648273756528508,0.5863294408799796,0.229350919062538,0.5684467963507214,0.1170514552610945,-4.776097295227904,0.2182237510682897,0.0619034084361405,0.0537919915676525,0.0714195968142451,0.0591637865726952,0.183642787814077,0.3208717711688285,0.9146223662305668,0.7584872397345819,1.2099806378894271,0.2944188922423393,0.3873735799561801,0.8306481166811754,4.10297401855714,1.1152260701269934,0.6090763959471422,0.8070392582046446,0.4397240009900822,0.8428956064942456,0.2128144133149507,1,0,0
RD2_1228_2,RD2,1222.301554068271,2.014840815920857,0.4745183758610631,0.6690575889717478,0.2727623287911264,Intermediate,4.10580013021432,0.043655077849002,0.1504022776985722,0.1518101391398519,0.1380214943670865,0.1119457174862617,0.1687358553303804,0.2057846532767937,0.2079381442911141,0.2210399802220819,0.2590366903933626,0.2271286881588314,0.3076684329382283,0.3991749864431503,0.1750588830529935,0.5436298920911069,-0.0021751826088449,-3.648526250291176,0.2676245597290111,0.0696775543635539,0.0754948015207785,0.0978785139809287,0.1003088861186722,0.2678327970287106,0.3726113479688366,0.7613045615531928,0.7705100165815995,0.9833570293918924,0.2823040965604244,0.3637546185121996,0.7883736706952419,0.8776046571472864,2.2291673250987367,0.6721210374809672,0.870997210168314,0.6670885355342092,1.0635570276918584,0.285587010031721,0,0,1
CK1_1228_3,CK1,1218.7690305439787,3.0064714968851445,0.4763201981384666,0.6680540261584961,0.2747610614109601,Intermediate,4.057582565392831,0.0435333760241262,0.1517673780097624,0.1148348138701475,0.109978283442445,0.0732282049223235,0.1257173630188741,0.2187393898965242,0.2247527504636372,0.2171338650328802,0.2573437469433908,0.2461226138183188,0.4066245363871353,0.5531363544580511,0.2349180719519293,0.5821033527943701,0.1342144008655182,-4.087712248840619,0.260093070840499,0.0230649216090057,0.0615482378957559,0.0867610339060349,0.0802085943101956,0.2648469831242555,0.3001290927511943,0.7750197374300863,0.705099369745773,1.0897292962195118,0.2324016024724029,0.3284957798430346,0.8275092174826035,3.551596059264444,1.2450581306502118,0.697632200921656,0.8625048094436385,0.4359044445503285,0.9175535895195898,0.2322240627763961,1,0,0
RD2_73_2,RD2,72.75549392307519,1.9991371528241315,0.3293165088140225,0.3373060657535404,0.3130369720984683,Intermediate,8.22725233202809,0.0538591271368069,0.2154668676860618,0.1913724279604274,0.210429702718891,0.127145650584381,0.2174126600666424,0.2911160658031444,0.3252220529504405,0.3233089585753784,0.3390496529365719,0.3430972338921724,0.2354116577165524,0.4607572455402576,0.1523252800664344,0.5228387918966617,0.0543335893006062,-1.9448566159393808,0.2263305979116531,0.0034888024049969,0.0752251338131085,0.1262998261206375,0.0992578218244522,0.2996857713961753,0.3293047725187793,0.7595660690240703,0.5927032082223573,1.28257290054022,0.248782880006972,0.4249701835067732,0.8032047804491055,1.114100105225251,2.1642436719879514,0.8091882681076252,0.8468039349914371,0.5897726894972165,1.4241352320578395,0.5913364304060452,0,0,1
RD2_1252_2,RD2,1248.90844230497,1.99265491551228,0.5798341163279024,0.6481877223007421,0.5034646399196661,Tolerant,0.9722151359754012,0.0453474142805795,0.203235313075441,0.1922772825085408,0.1506677998661069,0.1238982870750097,0.2032232625404759,0.309360248897002,0.3568352599340401,0.4014534430791093,0.4040425758705945,0.3832449306629178,0.462182742209604,0.5264927688167825,0.3216793285732052,0.6479215000898381,0.0314746696801785,-7.119485389943248,0.335856474635348,0.0332729813807265,0.0750818780302789,0.0959820982903616,0.1016429526409289,0.3061265166260397,0.3304922206728596,0.7407374756812186,0.7735100025516233,0.9557765834727192,0.2448613858817169,0.315766492086102,0.8077031475764171,1.7585592853478862,1.8281262820629092,0.7925642855878404,0.8550616093416501,0.5203681167138279,1.2166102616475405,0.3592527609304263,0,0,1
D1_1099_3,D1,1098.586634724063,2.9923642984994583,0.5265135613221745,0.352963440961782,0.7083951366229095,Tolerant,3.095450092221574,0.0221519081086754,0.1146800829135117,0.0851149031191,0.1093400504694606,0.0786051827682826,0.1104770598426138,0.1752833048631882,0.170991793668873,0.1701174705899565,0.1848665470122744,0.2146349960254496,0.2568342661205055,0.4122217444054562,0.1159500276286929,0.55520972488577,0.1487503582494211,-3.0876575907492843,0.2370709693572523,-0.0664084712198652,0.0665803768054432,0.0672638642742584,0.0738050327050063,0.2525934221188424,0.2913190269240551,0.8953901292642754,0.9837435646560022,0.9074773246253174,0.2632648115535094,0.2681463355949196,0.8020107533193442,1.811263668961161,1.5239337893487663,0.6631671033530951,0.8672406204125569,0.5445810595371953,1.0805714493960896,0.346629253970479,0,1,0
D1_1252_2,D1,1243.301413187041,2.0016614527451417,0.5718184622887609,0.6484194241620158,0.5023517166202647,Tolerant,1.1052445175983023,0.0413546142214206,0.1979988149481142,0.148411816886907,0.1147248780614529,0.075981273210342,0.1846961391467895,0.371349636000105,0.4504511258752495,0.5376461522440706,0.519908040199676,0.5151094353306833,0.6378337223499139,0.7459746551555244,0.5344791606676109,0.7522697963985502,0.1455011384263709,-7.274850712681594,0.4483976832297451,0.0056804154114449,0.074420335783899,0.0731478140985569,0.0595096459066999,0.301667117389263,0.199141046573891,1.2472025572281875,1.0042108916951735,1.2393572859633268,0.2449185064496113,0.2424542523417212,0.8197630826854977,3.1467253288739694,1.4290376303252597,0.6498885773877111,0.8597981017366144,0.4739619538758247,1.0242379406572908,0.2576133056433823,0,1,0
CK1_12_1,CK1,26.44075544023576,0.9827729362403445,0.2661066619667194,0.2416938534758559,0.2933509575437241,Sensitive,8.9320987588727,0.0429818184192516,0.1859000564630952,0.1973590408635449,0.1525490661446657,0.0855807986606784,0.1683694527718116,0.3184202344565617,0.3792079123906794,0.3535139445312399,0.3804484636239056,0.3238489508425996,0.4252019666696069,0.6283337304604234,0.2881405144733539,0.6317889828598315,-0.0299719008069203,-3.522393082037608,0.3416046351684718,0.0740551661971083,0.0598058340180851,0.0970550607513556,0.070646608510218,0.2420038673842471,0.2943615653589831,0.8461658552364817,0.6197493699517075,1.3601617277263975,0.2455703244159596,0.3974620422628499,0.830559999984136,3.3276367227726875,1.2313076594938417,0.6619214423078881,0.8584924097378567,0.4607481299394475,0.909969679697047,0.2206737414390138,1,0,0
D1_1252_1,D1,1264.2045241090734,1.0149009763777663,0.5754341679241497,0.6528413079615946,0.4970660131810007,Tolerant,0.9994193312490728,0.0475053340759142,0.1946437661127671,0.1605312026517889,0.1358906826696947,0.103541327244414,0.1904743836167268,0.382817263001542,0.4763133198770184,0.5439567130676328,0.542891733813482,0.4887776620929167,0.5894125889017385,0.683379757102549,0.5053220125070892,0.7271691479091801,0.0999963153278743,-8.405529694377488,0.4685962506324722,0.0519008873718109,0.0696691656389396,0.0634237588074756,0.0600445230654837,0.2910052300989611,0.2075035931542092,1.154341181053182,1.1087456057128369,1.0426688508055717,0.2390626702093923,0.2154451682272819,0.8196164912332142,2.3707669979408834,1.413355805447481,0.6440376822876035,0.8795610045005022,0.5068414732363349,1.0260181458478124,0.2807094397879766,0,1,0
CK1_1252_3,CK1,1254.654712970476,3.0071779157431933,0.5774281725806653,0.6482204204319839,0.4991579726807064,Tolerant,0.8167467218663571,0.0511764676067239,0.1813153856433755,0.1511477237191264,0.1404953172722231,0.0782644337921956,0.1653595081341151,0.3183150480315792,0.3979642879163002,0.3847049961242332,0.4139632287747223,0.3907077678430977,0.4907616037058225,0.6826654162652084,0.3666779482448554,0.6534804463853277,0.088165225996161,-3.8210709793746833,0.3912120759733346,0.0214495686837075,0.0662354465514074,0.0861570762323077,0.082249358750533,0.3255199760905619,0.2516569605872515,0.8098676578583923,0.7748068749910727,1.0473872638218864,0.2039792805950513,0.2623133257656854,0.829739961625491,4.430395505499438,1.1466816974399718,0.6584098376506222,0.8466437091945583,0.4198206998141875,0.8682760644590453,0.2118881550948357,1,0,0
CK1_1252_2,CK1,1266.1434678065082,1.9538770362480369,0.5720167062771008,0.655865838131631,0.50434158831154,Tolerant,0.91687968761521,0.0456855790711255,0.1888382169444658,0.1481726170864094,0.1206835251108989,0.0701832195525592,0.1682504559082517,0.3358774745843907,0.3838865136035793,0.3858724422682044,0.3989299976364077,0.3749237435591642,0.5394959168853561,0.700597804144129,0.3987366066991842,0.6812482758082602,0.1163635709032513,-5.453189841458703,0.3598270619692012,0.0310078021757568,0.0720106334025314,0.0899460526762651,0.0867742186130861,0.3643444556303243,0.2373894027712493,0.8273948937613234,0.7949514591526208,1.0398312053476104,0.1970791695872713,0.2473416191312057,0.8317666522421013,4.683806091823039,1.1172663755787413,0.6663006477885727,0.8558751484802598,0.4011217805994139,0.8465042995437987,0.2030856058255687,1,0,0
D1_1228_3,D1,1222.705362132706,2.984502926150668,0.467156144555434,0.665625729833417,0.2780819570759082,Intermediate,3.9477928678067777,0.0372288676878548,0.1831206239784747,0.1278248997366157,0.1330856064480382,0.1296311646667118,0.1755727240371738,0.2761605327139207,0.3078451662172026,0.403398772888781,0.3787429274365492,0.3658937990480421,0.485052974895551,0.4937958317008263,0.3257413877154846,0.6668452174209148,0.1782536040411392,-37.987465216760846,0.3492098030128894,0.0168374011899172,0.0832672496701173,0.1431134448819691,0.0983258545258686,0.3604492190035072,0.2700980752105558,0.8457568986622473,0.5794446239427473,1.459932168977722,0.2307511672218246,0.3967264231698356,0.8189066108087877,2.7195965110472518,1.569176498708858,0.6714661936280407,0.8682056194106127,0.4892639836253086,1.100463574005189,0.2927414242190133,0,1,0
CK1_1218_2,CK1,1213.823605539032,1.970273245896925,0.206869682218863,0.3117204779030313,0.1049443716038548,Sensitive,12.03172944370024,0.0417150832360434,0.1706369880025252,0.1226046017265787,0.1201995960180142,0.0508724876989627,0.131578004335145,0.1810341335256692,0.249063861162072,0.283023265348249,0.3019239689059381,0.2344284121501046,0.4301023108342738,0.7091288181514804,0.2581566029903452,0.6135538645091928,0.1665888839734556,-1.941424450134964,0.2748653141006674,0.1231353287949899,0.0568138957133658,0.0814958428775584,0.0606917569521251,0.2358396939975025,0.2563392452881896,0.9378397803840895,0.7009349009669145,1.3439907311607844,0.2403924437933861,0.3471202650402609,0.8279710305991952,3.4334478135128776,1.254597544832806,0.6695503316119907,0.8248015365386098,0.4592639620961488,0.9199968824595194,0.2312713718278642,1,0,0
CK1_1235_2,CK1,1233.39715246257,2.004140211223238,0.175083822429906,0.2313632305423521,0.107193672541764,Sensitive,12.86859010612401,0.0376775790693993,0.1269780403523315,0.1156988173867231,0.1052573600813101,0.0704661134895766,0.1259242610709889,0.1922438054988959,0.2739051831043007,0.2120045926373881,0.24562443224084,0.2197525046859649,0.4062274048302249,0.5613198696495304,0.2226482653616747,0.5948307261379652,0.0484222937085078,-3.4287025071302075,0.3236475386976448,0.0567345981147104,0.0573252731517045,0.0852416907704852,0.0675132578138625,0.2671200734992515,0.256253131119483,0.8349409864114061,0.6722675102830715,1.243664319917682,0.2119389372296133,0.3182539820336866,0.8259624524263133,4.595461935730515,1.0688761125109034,0.60463349828538,0.8456916985738563,0.4196454860552661,0.8202662250314054,0.1947930606959905,1,0,0
D1_1110_3,D1,1110.1015512463005,3.032492013231593,0.2247476976087974,0.3379338270474818,0.0921001842480108,Sensitive,11.055092651741528,0.0466091807200919,0.1550708095480485,0.1675958560572784,0.142543444338215,0.0997201693990981,0.1678814249375785,0.2398083052018012,0.2826688739307245,0.2790556946981043,0.2848856743300852,0.2677245924130655,0.3324624856308633,0.4798557165857013,0.2036698393458006,0.5566498285504825,-0.043916676941651,-3.284088310085763,0.2970255150842377,0.0337390124207363,0.0584861545821006,0.0750949224065906,0.0858665983405035,0.1619740839982337,0.5246712121538686,0.6812397194062119,0.7805618386844709,0.8697847336811227,0.355199900299342,0.4559384806570501,0.80493250656402,1.7708919986384408,1.4384940127432766,0.6762532609370566,0.8620368273578569,0.5419124869644086,1.028968086198962,0.3084631565779338,0,1,0
CK1_1252_2,CK1,1240.7828820848406,1.9680638677309328,0.571792648338757,0.6444304881506009,0.4966635997659451,Tolerant,0.9448251171305184,0.0453589573406241,0.1882780287971739,0.1484488382838097,0.1197127805131966,0.0700698540524934,0.1678713646784677,0.3326790213862152,0.3831295284174814,0.3879339475062197,0.4038679785393045,0.3790596832888251,0.5439184010714899,0.7017453054022068,0.3980947712092141,0.6828661446011893,0.1223624981775649,-5.156643447078189,0.3563062200985333,0.0314084726001752,0.0719568914287443,0.0895522154126506,0.0863329693163141,0.363810352027675,0.2371188543060417,0.8257143712848732,0.7970716692020667,1.0455421138219632,0.1974249833062411,0.2465527838031608,0.8323549093277305,4.643863107571584,1.112586593270545,0.6690064349646331,0.8558570334956876,0.3996163731379057,0.8505805174870935,0.1955437655289529,1,0,0
CK1_1219_3,CK1,1208.7774465968716,2.9829254054454952,0.2358466588737912,0.4018705399580975,0.0772096182364137,Sensitive,10.039305720286409,0.0494162773267177,0.1984045064807318,0.1666643141248883,0.1315793450556249,0.0719911224195707,0.1574115444512977,0.272663901828426,0.3114776259960962,0.3378011505012603,0.3350314293929807,0.3174079345524784,0.4367254502636499,0.642076706499481,0.2871575488170159,0.6098922151449739,0.0865301111000277,-3.366679737921975,0.2575962734630697,0.0319704110988838,0.0696759790792219,0.0997400811223922,0.0713023836070118,0.2871018950470447,0.2505541622403659,0.968656325206766,0.7034252773096163,1.3949228134271368,0.2433646797926151,0.3470131996862411,0.8118279678382497,2.6957912680132385,1.286384665050745,0.664583377817057,0.8436984047796104,0.4780749031076241,0.9568084358569432,0.2629946830297066,1,0,0
RD2_1214_3,RD2,1199.2582410913844,2.9991579684868777,0.4232120761884472,0.5966303098364633,0.2502721565715082,Intermediate,5.062223710608946,0.0583687378812893,0.143317498302845,0.1102825128378639,0.103267763277172,0.0815766502756277,0.1300058748855454,0.2068419886112631,0.2514745586325426,0.1970440930579471,0.1511038791163007,0.1723621629257333,0.1985855858458751,0.3066882028214032,0.0930529488873828,0.3705050670549764,0.1242856214064165,-5.666141433419412,0.0271133461390302,-0.0512441247118496,0.0711516099894303,0.083666596230787,0.0834072174972292,0.1788641908107069,0.4699240772179704,0.8549779309990374,0.8514144310644064,1.001842271836124,0.3987932781155223,0.4694130271601257,0.7918287586939712,1.4807499434585023,1.5927893513849176,0.6943328558725994,0.8428141142293548,0.5675452475030507,1.0853627415316085,0.3968154291859542,0,0,1
D1_1218_3,D1,1210.291893514982,2.9891209575762083,0.2078165623876082,0.31020097803681,0.1012419413932447,Sensitive,11.951178880742429,0.0445265345186961,0.1971299385317212,0.2241695193150128,0.1970014846504734,0.1059629896981592,0.2273031373249845,0.3206098038879161,0.2842142121051483,0.349137635720772,0.3342719404565116,0.2979131826070284,0.2594461339351619,0.5216462978901187,0.1602909192661736,0.54459147404445,-0.0643691267190298,-2.3515519753173617,0.2540743401667468,0.0590794622668405,0.0679109165060166,0.1187757705813304,0.0859558320937936,0.3221854313033404,0.2659392346351873,0.795860747369978,0.5697524935298114,1.381119313800946,0.211175240623839,0.3675424103815398,0.7925975742369699,1.410804206262739,1.482376487347663,0.6818978471025481,0.8449837377487738,0.5673380788120375,1.0579255187776064,0.390394416829279,0,1,0
D1_1219_1,D1,1213.0603991392709,1.0070271921040903,0.2376413501079368,0.393712167980311,0.0694461208574408,Sensitive,10.031917165271116,0.0540626455529404,0.1558740156837283,0.1949561004571952,0.2116719671259913,0.1262501463258672,0.2456925760279378,0.334823127744959,0.3537700711246953,0.3651930550440098,0.4030059525087016,0.360797161182904,0.3130775190414996,0.5194694698893718,0.2130137856998242,0.566609021532612,-0.1124754204966528,-2.4659305795997635,0.436387531338475,0.053566074098856,0.0640700334122286,0.0847171915448797,0.0843401717491569,0.2171233744445965,0.3943875687575588,0.7578930527449027,0.7598800261159911,0.9975663060749792,0.295382553069312,0.3915006382922195,0.8147954697029812,1.990124141382345,1.5093605893339386,0.6506922392858651,0.8725699208822851,0.5439070964883198,1.057953816214323,0.3168954999674534,0,1,0
D1_12_2,D1,23.700735809209608,2.014822474148339,0.2622026678747836,0.2427178096988387,0.2907745021457306,Sensitive,9.031505026839495,0.0430269373717517,0.2032905818616464,0.202744084607389,0.2016475007701232,0.1150893798305546,0.201503088181543,0.2778254496003363,0.2606009261459465,0.2439914879077201,0.2652426794792425,0.297353693550449,0.1370629161050712,0.3973081265087935,0.0754488675047237,0.4788840996387155,-0.0057693915410286,-1.8010922595432046,0.135377419041367,-0.0498109374832356,0.0636640257932444,0.106070467334996,0.0892750540187589,0.2843862783426331,0.3135078914308462,0.7186014124955458,0.6022109303216898,1.1960817582554897,0.2247960896043478,0.3718262535743949,0.7643497186400426,1.804113946820857,1.298160249022988,0.629378304502365,0.8575076974574092,0.5562018232196052,0.9559222095232568,0.3589202214968297,0,1,0
D1_73_3,D1,73.0,1.8717454471900488,0.3276960420194899,0.339055735035649,0.3163363490033307,Intermediate,8.0,0.0463451521815241,0.1836335376624982,0.1770876911302482,0.1630520727330167,0.1065821349114243,0.197379032968661,0.2948049559649218,0.3300978419670828,0.3094205938564313,0.2943968562662401,0.2710649051000122,0.2914129414606168,0.4723814106579113,0.1718154031019196,0.5444559154808417,0.0148799011824959,-3.2865730366253567,0.2344676958394454,0.0427530515972799,0.070090958656767,0.1131421280617974,0.0877200189497022,0.2868544620559272,0.3040001201125305,0.8044302217756697,0.6968046607386551,1.2354960452206778,0.2442119270075085,0.3789600612037544,0.8027075162274433,1.466260416219212,1.769414934532949,0.6972796324396396,0.8585511275529796,0.5845091939907974,1.196897127962802,0.376293107613843,0,0,1
CK1_1110_3,CK1,1110.0,3.0,0.22321650706773,0.3435036429518976,0.1029293711835625,Sensitive,11.0,0.0465555101435767,0.1542456652262407,0.167611664633974,0.1418191926417187,0.0988927036094425,0.1677121406469885,0.2398874808374081,0.2819363999315386,0.2772394776867042,0.2842148185602453,0.2656278759792749,0.3346100857562586,0.4840811054638336,0.1993469933820035,0.5579077163631351,-0.0404425271711295,-3.292276426858745,0.2961908190749171,0.0336129106361515,0.0584178387608362,0.0749430926738498,0.0855912099162562,0.164477046837947,0.520433422771059,0.6832633079571052,0.7799915044701344,0.8758340162246463,0.3551902438981008,0.4556826024957978,0.8042121711481668,1.7903128616494586,1.4327472970679207,0.6766858248488163,0.861952511553471,0.541907080470386,1.023387598258007,0.3180095542489419,0,1,0
RD2_1210_1,RD2,1209.9999999999998,1.9859667483595385,0.3561671112879607,0.3130108635819076,0.3993233589940138,Intermediate,7.0,0.0496971471770901,0.2056440614604891,0.1966886157725055,0.2006618607172442,0.1535894440502817,0.2147922981401748,0.2589974421225077,0.3134790075000832,0.3351203380976194,0.329446901870986,0.2890132852633739,0.2429514805475217,0.364163947209246,0.149013428918421,0.5277248293293403,0.0222226472022778,-2.2395799403360463,0.2314086568339132,0.0653720271745434,0.0719903583495068,0.1152270454457102,0.1018181921800231,0.2863931193656497,0.3555352383627655,0.707049721504781,0.6248344602759969,1.1317011414376787,0.2513727818902464,0.402323676613844,0.8083166666666666,1.608137773511095,1.8464287371903685,0.7591406230426361,0.8651211400498939,0.533398542184026,1.2510815750320394,0.2930763829805916,0,0,1
RD2_73_1,RD2,73.0,1.9792041033321963,0.3276960420194899,0.339055735035649,0.3163363490033307,Intermediate,8.0,0.0539156570905322,0.2152080026434438,0.1924630872046643,0.2098498623481466,0.1275714246973282,0.217984320286167,0.2909278746440257,0.3254045573649817,0.3223788527729751,0.3418072375528368,0.3391299289495483,0.2392358673488955,0.4563991166034594,0.1501973971650756,0.5218761477544597,0.0557827243371374,-1.9931366686739416,0.2272579364039508,0.0039850190547604,0.0753617008143462,0.1277611631165328,0.099003457232294,0.3003058999021603,0.3297027808495973,0.7611898248473212,0.5901334031655613,1.2903315736591676,0.25096046903872,0.4253614096776328,0.8030211008399355,1.1192045309817062,2.167388779770248,0.8071229718480527,0.8474835462000012,0.5915098886599522,1.4244241344487134,0.5829789215602817,0,0,1
CK1_73_3,CK1,73.0,2.999624344318909,0.3276960420194899,0.339055735035649,0.3163363490033307,Intermediate,8.0,0.029166615759425,0.1752930669455615,0.1576787485904141,0.1232218227841095,0.0805320561160602,0.1536884205303479,0.2607122159143625,0.3153297394952923,0.291748213473904,0.3501380574984051,0.3061062203755311,0.4793700247089397,0.62601080559711,0.3032486343848779,0.6780683919615886,0.0528999340766935,-4.220717481521183,0.3327623304074919,0.0670943453699877,0.0740247564815335,0.1420516287489192,0.0856004431146338,0.3056831948604703,0.2800293817283247,0.8647718017444843,0.5211295529497798,1.6594559951993977,0.2421613771038748,0.4646985738792699,0.8261368318644232,2.359235805722017,1.4344405998041507,0.7093043199294711,0.8540683981338195,0.4999798331354274,1.00675246417591,0.264099644968312,1,0,0
D1_1210_2,D1,1210.0,2.0,0.3561671112879607,0.3130108635819076,0.3993233589940138,Intermediate,7.0,0.0410952769554514,0.1764034182450095,0.1484595809135256,0.1411452865600041,0.1232321808428856,0.1889753285266216,0.2476979010707932,0.2460431082358442,0.2068287336089643,0.235486898260151,0.2460216588748319,0.2504873865735798,0.3129321073935092,0.1329396169978848,0.5161311993182687,0.0860172977386242,-6.948304938757411,0.1434446930001006,-0.0218786571004589,0.0797568783221561,0.1186167702948843,0.0972693139943003,0.2792046791581696,0.3483799564274465,0.8199592961541159,0.6723912483592275,1.2194675309408285,0.2856573841601273,0.4248380457306162,0.7869148320799992,1.7445164104104105,1.3736609897039898,0.6899782205777205,0.859606962104962,0.5462065263870871,0.9711066383587073,0.3184655155608822,0,1,0
D1_12_1,D1,12.0,1.4985855400649553,0.2649762862421151,0.2427274916209154,0.2872250808633149,Sensitive,9.0,0.0413544826802773,0.1772556282356065,0.1736910729010441,0.1723175908116873,0.1171120762609949,0.1826076502888457,0.2809682992544354,0.2780619317210437,0.2366348775798959,0.2925242893394605,0.2905432950607564,0.2607009399369023,0.4263333288070179,0.1495833268586066,0.5408573719031399,0.0131459978501387,-3.184357247461066,0.2467921081928206,0.0025360950940218,0.0690334850177931,0.11141594915712,0.0941009770674423,0.2844932439773326,0.3316873156891662,0.7331681441376809,0.6209346949299076,1.1857001527197966,0.2435578955022944,0.3918434194598533,0.7865524934695972,1.563070361945122,1.586106178597049,0.7055759669497246,0.8528580808029835,0.5619561146463379,1.0739582713896347,0.3198001524226906,0,1,0
D1_1235_2,D1,1235.0,2.0,0.1730928483356376,0.2353341300842579,0.1108515665870173,Sensitive,13.0,0.0295957429635171,0.1300983643618538,0.1178005893840065,0.1156441517098953,0.0608832662171597,0.1157441517098954,0.1610802534758289,0.1776978972517545,0.2191093567039574,0.2362470295784238,0.2174279152316597,0.3427277642841546,0.5901914607283595,0.1765115927122008,0.5872590662818082,0.0496080148264516,-1.829718174570658,0.2897502382816899,0.0414814936506885,0.063674761226168,0.0869995290307571,0.0900066376387235,0.1762584682819152,0.5106514226805714,0.7074451709995745,0.7318977684404151,0.9665901450880144,0.3612578834408008,0.493590633286608,0.7649111111111112,1.6815129629629628,1.183045833547834,0.5924597222222222,0.8602656124696123,0.5696888833261261,0.8776586756208773,0.3146480475038929,0,1,0
D1_1214_3,D1,1214.0,2.3457047309037766,0.4224687599365873,0.5934904367373185,0.2514470831358561,Intermediate,5.0,0.0550608721755988,0.1625500677547257,0.1555338819990732,0.138973923438276,0.1149288611412206,0.1912634275089141,0.3067477371826493,0.3579200819649288,0.3964994053920045,0.3950880353919989,0.3781656921472502,0.4837173519908748,0.5503203229054429,0.3527905614203825,0.6387931946246421,0.0289624844494272,-10.471685084723342,0.4147152787764006,0.0208661403027424,0.05964633943307,0.0586445187147694,0.07847484029624,0.1566362570945476,0.5022506917631572,0.7607756181499072,1.0171744477601736,0.7478142203121338,0.3824998106553238,0.375879391198865,0.8193305555555555,2.848188199817149,1.389379081601529,0.6629217824062845,0.8693345827015775,0.4795507176642601,1.0001536294518591,0.2488535268644199,0,1,0
RD2_1110_1,RD2,1110.0,1.5264086518037845,0.22321650706773,0.3435036429518976,0.1029293711835624,Sensitive,11.0,0.0386541101151711,0.1687577289871137,0.1393096193361236,0.1428527298218642,0.0801768831574821,0.1429527298218642,0.2020177026487597,0.1829423287190363,0.1531026838260067,0.1706895185375679,0.1535770812784567,0.0830362239724202,0.3592687147312872,0.0410131476923877,0.4187728785391069,0.0964383680043107,-1.973984728425608,0.0005182092179118,0.0812788883380077,0.0688577171067777,0.1000974991410375,0.0938712020445739,0.2991366357465531,0.3141510171296982,0.7335303641447721,0.6879885562125492,1.066283214060123,0.2304485096453866,0.3350879163103649,0.7413830856573091,0.8756345932685693,1.8854021224434427,0.7145739273125882,0.8433442268783462,0.669879916238612,1.6233261994123986,1.893193093062043,0,0,1
CK1_1257_1,CK1,1257.0,1.0,0.5317110600542118,0.6884466500654246,0.3749754700429988,Tolerant,2.0,0.0415547905937853,0.1868209042600936,0.1483460184547615,0.1472503367295112,0.1134160177781736,0.1960811638666258,0.2590298134271899,0.3036795843168516,0.2715898863802549,0.2955457087277807,0.2763342016489543,0.3414200662522161,0.4624038289638466,0.2004202217357055,0.5773561720962759,0.1235985219431183,-4.528709787499405,0.226998877633133,0.0325084791406589,0.0691410235184655,0.0934550285867466,0.0966367680592834,0.2414440173638088,0.3978754422953705,0.7231875118005197,0.738027474910966,0.9913272767060636,0.2855244625490523,0.3874641432588538,0.8114010332140784,2.378216777181716,1.6073174365322993,0.7036452339054292,0.858377264465552,0.5152096967903411,1.108619210243033,0.3314701860267733,0,0,1
CK1_12_1,CK1,12.0,1.1572820181044203,0.2649762862421151,0.2427274916209154,0.2872250808633149,Sensitive,9.0,0.0425457707137571,0.1817177966364014,0.1890742951932081,0.1529336056448437,0.0905052138924858,0.1701988780316508,0.3066985737966907,0.3557045262002248,0.3293148473677874,0.3609784051098204,0.3176318522935716,0.4006589913486506,0.5935212573221034,0.2645275635488205,0.6171381199853084,-0.0180218842973088,-3.4863715946663105,0.3276231694930735,0.0611936933525853,0.0618182095063764,0.0983284757607412,0.0749097542494909,0.246760449857806,0.3025587874656781,0.8295325095978436,0.6279151033586852,1.3235545637633224,0.2502168111177554,0.3985059083115096,0.8269084678375224,3.0262187879873927,1.3351823714585231,0.6815073192555716,0.8567171049668976,0.4768718631482493,0.955665931558185,0.2350902608853524,1,0,0
RD2_1235_2,RD2,1235.0,1.9939846023207384,0.1730928483356376,0.2353341300842579,0.1108515665870173,Sensitive,13.0,0.0428925365715041,0.2031395155647002,0.1328309883037307,0.1464008033494745,0.0715056591132974,0.1465008033494745,0.2044690135161945,0.1839985129819306,0.1695228531716669,0.1467744115538083,0.1320580766561376,0.0014259949827868,0.3448459453138033,0.0005904000912319,0.3544318399788813,0.2092592170788747,-1.772391726732342,-0.1608678314732831,0.0528042002259635,0.0640980071948017,0.0861892946784275,0.0862714415504615,0.190350444632508,0.4532373437835953,0.7429801355116263,0.7436911623100078,0.9990471055981776,0.3367381256907554,0.4527929398577733,0.7516440827046419,0.9455671131698288,1.6301052924380257,0.6825156667006419,0.8401354801635375,0.6113854663096153,1.1515846501210334,0.4759728519526943,0,0,1
RD2_1214_3,RD2,1214.0,2.718469719829496,0.4224687599365873,0.5934904367373185,0.2514470831358561,Intermediate,5.0,0.0546294235306548,0.1389975462916503,0.1021092739025068,0.0974899974338941,0.0750281393553684,0.1170839632003102,0.1764853435121674,0.2198542784356049,0.1668122465626489,0.1728242640277725,0.1803068044555369,0.2685682340050984,0.383536691419344,0.1382452260067624,0.4289168113945272,0.1574992777474649,-4.624630135687613,0.0998638775022173,-0.0267419917323429,0.0723241468358978,0.0800228013708783,0.0812332574829084,0.1786071743350309,0.4547399934106689,0.8934490910621569,0.9111006140691482,0.983729743628581,0.4049770401165344,0.4479157495548832,0.7931556295856819,1.4513615155241366,1.6265687109273412,0.7048177528837613,0.8395846682798604,0.5673546870888316,1.1026354525047577,0.3967862028682616,0,0,1
CK1_1210_3,CK1,1210.0,2.7552600603528505,0.3561671112879607,0.3130108635819075,0.3993233589940138,Intermediate,7.0,0.0431538698899003,0.2280444801886266,0.1722190213865398,0.1605640368322278,0.0990697251144596,0.1963222338178599,0.336561972203907,0.3184706024397098,0.3496970843202532,0.3815416456302017,0.3633684551015594,0.4071987606651743,0.5872661888758125,0.2734260817757638,0.624081044476118,0.1386370235069455,-3.862586549424549,0.2531804693516143,0.0249273122644107,0.0763720860249513,0.1271592927740062,0.0932152333374727,0.3236701246283693,0.2917934157359885,0.8195276896924482,0.6022886605569082,1.3654338624401532,0.2385307370142989,0.3948811574178036,0.8065600498127221,1.897981983066144,1.5180785464251645,0.6821157244577314,0.8737352756656018,0.54123573538823,1.0580843764688694,0.3271568718844322,1,0,0
RD2_1274_2,RD2,1274.0,1.9652077434573585,0.4106885222095553,0.5521848137280557,0.2691922306910548,Intermediate,6.0,0.0565963495923862,0.184402569917332,0.2164248993463966,0.1855546613718734,0.1287770548026057,0.2027825888821882,0.2751066775680832,0.2903213598483654,0.2884548158123264,0.2548118877693549,0.2581995726257129,0.1575194711326383,0.329347136855712,0.0891477707475399,0.4503079086103354,-0.0779246777926771,-2.581645724020966,0.1603342307792221,-0.0065582517834473,0.0764327224264699,0.1178042297851274,0.0939210578477411,0.3368177233566058,0.2788739847269751,0.8137976030665298,0.6488268601606069,1.2542902012378367,0.2269535252024934,0.3498117834852823,0.780024698907368,0.9356671908530726,1.8086934355379036,0.7103462235261977,0.8592612240260833,0.6132004320598268,1.2018686635939115,0.5095161887818914,0,0,1
CK1_1257_3,CK1,1257.0,2.9933497244648146,0.5317110600542118,0.6884466500654246,0.3749754700429988,Tolerant,2.0,0.0453770845984622,0.1876779914943135,0.1537084634125288,0.1266896790489403,0.0820477303521732,0.1648905557241439,0.263167971729161,0.2885191982255511,0.299858168009932,0.3027428470549375,0.3304894250177648,0.4097250866019774,0.5734397539257249,0.2554079929106012,0.599115138415119,0.0994715096188387,-4.0663889098093815,0.2343396835856746,-0.0439544148621632,0.0635803970486854,0.0897162775821185,0.0781929444581508,0.2696908115470873,0.2899751928602097,0.8131799304924859,0.7086498988686276,1.1474347399950655,0.2357396612455473,0.332658567280276,0.8121234813957886,3.4521517290906565,1.387586942626281,0.6950701758110418,0.8688544482072683,0.4588256744934337,1.0085613321126004,0.3024176492307264,1,0,0
RD2_1235_1,RD2,1235.0,1.232434092755786,0.1730928483356376,0.2353341300842579,0.1108515665870173,Sensitive,13.0,0.0308395563062208,0.138995026446668,0.0980752870235363,0.1097640326689291,0.0641886505900949,0.1111508872025542,0.1054434646322232,0.1020488028122051,0.1109110471259828,0.1571672005954022,0.1637420128959368,0.1785186862703164,0.4208693409284753,0.0746443666982556,0.4724187818955959,0.1785405183691986,-0.8226431397263567,0.0567956372001871,-0.0153014594785775,0.0674245934937353,0.0911864764622701,0.0864553698845883,0.1995884194818131,0.4352115870311442,0.7799069572836917,0.7395576315371162,1.0547698605074909,0.3386559138762537,0.4578301890449834,0.7836414803609724,1.215256873819175,1.8061656723098776,0.7108603384707293,0.8405318588145583,0.6224002012367583,1.2519231613144357,0.5845257195546991,0,0,1
CK1_1274_2,CK1,1274.0,2.0,0.4106885222095553,0.5521848137280557,0.2691922306910548,Intermediate,6.0,0.0497219766054751,0.1751052474051323,0.1769687091570747,0.1554696534473202,0.101787157727174,0.1712499801830342,0.2590791737415027,0.2873169293192671,0.2825641294137797,0.2624974432877543,0.2603490260719827,0.2671984788743742,0.4543628462233898,0.1547792528161051,0.5157636303195458,0.022704055295017,-2.96092674861275,0.2000832415617474,0.003823387270626,0.0729774876490994,0.1100672171689046,0.0864216632145217,0.3241512823981601,0.2657113105460454,0.8499462463312604,0.6648955045302377,1.2773122025705457,0.2250374384176002,0.3388564736467766,0.7952322095486051,1.6574900170277131,1.5970860680423875,0.6839732544648587,0.8651954124119627,0.5638588139825218,1.098058450857927,0.4120521883923554,0,0,1
D1_1235_3,D1,1235.0,2.663305558850878,0.1730928483356376,0.2353341300842579,0.1108515665870173,Sensitive,13.0,0.0378191216321915,0.1461471035215264,0.1515594905599067,0.1593411392818166,0.0965853362990599,0.1712750407107056,0.2469528952109809,0.2591154590472336,0.2051593566383299,0.2230256998396616,0.2592367428033801,0.1663415232790453,0.39652591009583,0.0841295549484771,0.4845095585901228,-0.0177730024537921,-2.445629513347493,0.2081521959957588,-0.0745902635962441,0.0626939305910966,0.0845876031074203,0.0876208040292563,0.1789402243990732,0.4994830677402777,0.7154908839984719,0.7422115591969483,0.9647568693503188,0.3573147192652249,0.480247062705458,0.7649111111111112,2.082696286205445,1.2891799462719888,0.6181418080224621,0.8462713543058501,0.5445506362195769,0.945658489240525,0.3655541571440923,0,1,0
RD2_1252_3,RD2,1252.0,2.704215719080884,0.5746672551712988,0.6470500822891091,0.5022844280534884,Tolerant,1.0,0.0446498570375536,0.1904292468049384,0.1676003000566358,0.1608806972136301,0.1192985135610392,0.2014151960442678,0.296233637800555,0.3474013516043834,0.3896889427799342,0.4109010944451122,0.3824509720862854,0.4375131826239417,0.5499860941524832,0.306482551661234,0.6406280991814186,0.0652185578399196,-4.619703527354276,0.3668738543680426,0.0358500059980392,0.0791324951550158,0.1065458444172098,0.1029144108373906,0.3383143304867388,0.3052120540026058,0.7687382467177126,0.7441089698135611,1.0347701585415476,0.2343113063412916,0.3149027157774461,0.8083166666666667,1.764382033676735,1.8929828962063624,0.8095318123246549,0.8600590557894833,0.5230042668144305,1.242913323358936,0.3792280198506687,0,0,1
D1_1257_3,D1,1257.0,2.639214577556548,0.5317110600542118,0.6884466500654246,0.3749754700429988,Tolerant,2.0,0.0423455847556268,0.1832035711275373,0.1883725907698124,0.1650793827502882,0.1434221512952508,0.2205830483266413,0.3763261464879325,0.4393010787634029,0.4851250991788083,0.4572558665328595,0.4384625805145444,0.4675732967977987,0.519246361512408,0.3424813113747657,0.6664219740160349,-0.0110617798474646,-11.999307061743352,0.427720831780744,0.0202235163784364,0.0739485433921338,0.0943127466239432,0.0635275498541844,0.2947301328035907,0.2153847590713045,1.1726663701524322,0.7842117570358998,1.494570171165081,0.2508907796092813,0.3199611243284536,0.8193305555555553,2.960941956106769,1.6154558420733394,0.676430396968028,0.8721641078750646,0.5031239169680496,1.159437723271471,0.3567112109381219,0,1,0
D1_1228_2,D1,1228.0,2.33881019054526,0.4714456240612147,0.6667832035422664,0.2761080445801631,Intermediate,4.0,0.0446248648091902,0.1947844590119453,0.1688332235070779,0.152969700992936,0.1377300889899558,0.1966388282448643,0.3529353153325669,0.4076099915890606,0.4467291175086393,0.4467942069582679,0.4079383106741875,0.489288958583878,0.526458513646331,0.3606414708330256,0.6704072503731086,0.0791054674131505,-20.72623140092261,0.3901479364704083,0.0437181973252233,0.0814762280982335,0.142494261977005,0.0995348653664058,0.346354136827341,0.2877303983387104,0.8187117258169552,0.571754256519535,1.4317244399003617,0.2353515776205629,0.4117630348177583,0.8193305555555555,2.7477974844895483,1.4561677585924468,0.6635694265240274,0.8665427207589074,0.4723092412884613,1.029837471726744,0.2463267433384547,0,1,0
CK1_1110_1,CK1,1110.0,1.5516638108888905,0.22321650706773,0.3435036429518976,0.1029293711835625,Sensitive,11.0,0.0306970803973113,0.1299004290542699,0.0842862142309865,0.0976006450819092,0.0563215238512102,0.1085571899173253,0.1593413483079133,0.1746098260725649,0.1516897817270324,0.1844961169238972,0.1739141192026236,0.2799207017848972,0.5066996825508316,0.138224112997503,0.530495339856955,0.2097474748500851,-2.435032338476745,0.1528481229810361,0.013284476321703,0.0539111410097979,0.0728952886043805,0.0671367320107643,0.2108713333740812,0.3153042836321987,0.8426552316068938,0.7471735341573376,1.1151823715665428,0.2563209636992698,0.3446706047162433,0.8146445229558124,2.9482522357384697,1.267630934282122,0.665098851014688,0.8306654337167818,0.4794764281945367,0.9367269946989164,0.2613972164459334,0,1,0
D1_1252_1,D1,1252.0,1.0,0.5746672551712988,0.6470500822891091,0.5022844280534884,Tolerant,1.0,0.0410209611439692,0.1722786672053402,0.1391669091668142,0.1228656015742412,0.0844487574113594,0.1600056010261655,0.3443175542158428,0.4126495784750756,0.4507352148015476,0.4376316249231621,0.4040963569581233,0.5546342461705422,0.6756765855339417,0.4163422197765816,0.703495015169066,0.1073425383277214,-6.907068689827302,0.4282491177206294,0.0373827116518663,0.0710668407450419,0.0799399266705743,0.0742517400298766,0.3272265169535882,0.2252646321068859,0.9831121414743332,0.9202265141135606,1.0725749901520605,0.2189043566966528,0.2420094902129473,0.8231340819493027,3.6979241165137418,1.2241337727699206,0.6530505169759513,0.8396620458288708,0.4462007873461197,0.9141257526916896,0.2325739160276675,1,0,0
RD2_1235_2,RD2,1235.0,2.0,0.1730928483356376,0.2353341300842579,0.1108515665870173,Sensitive,13.0,0.0429690239554638,0.2035322585223539,0.1330813470542593,0.1466615728572022,0.0715729046769944,0.1467615728572022,0.2051756086810255,0.1846205740712901,0.1699506015034621,0.1467615728572022,0.1319468369326176,0.0003408047436832,0.3443737745633601,0.0001466737333306,0.3537299302468426,0.2092931191134835,-1.7792658655407243,-0.162065901718469,0.0531549655442446,0.0640735826829795,0.0861522080429355,0.0862705663569247,0.1902671373720995,0.4534181125712016,0.742705018808144,0.7437253677430385,0.99862805567588,0.336755908215496,0.452796048690062,0.751435535001704,0.9447372222222225,1.628569444444444,0.6822638888888889,0.840138888888889,0.6112481481481481,1.1507001381304034,0.4751188804935603,0,0,1
CK1_1210_3,CK1,1210.0,2.528876366056115,0.3561671112879606,0.3130108635819076,0.3993233589940137,Intermediate,7.0,0.0452310664447382,0.2224117713738992,0.1778504814124878,0.1665319057326667,0.1024199582445091,0.1959087221623077,0.324726396500938,0.3177411918924311,0.3427490728632635,0.3701063638129681,0.3525183471111545,0.3770469686404462,0.5638205422407075,0.2513153615591761,0.6040076063328097,0.1081553361926034,-3.464489074864736,0.2503406094991029,0.02503375070641,0.0748474444506447,0.1235123190872755,0.0949525816010789,0.3199923656563057,0.3003387002359171,0.7908891228805599,0.6090240054943363,1.3077283667410404,0.2349113527731573,0.3858241161863084,0.8114083944291357,1.802585912570817,1.6474353180617884,0.7185398449501914,0.8722043053747939,0.5403465456724511,1.119968786452023,0.3139699562299377,1,0,0
D1_1274_3,D1,1274.0,2.5783303841752887,0.4106885222095553,0.5521848137280557,0.2691922306910548,Intermediate,6.0,0.0448834052045742,0.166334681720706,0.1788811639525558,0.1543393329237264,0.0999167177934683,0.2016845168588512,0.3211094815621852,0.3530905480852903,0.3937050134338236,0.3873105238704956,0.3332373578878026,0.4309641377137057,0.5932506480191944,0.2948152076768258,0.6326008677140879,-0.0348221152577371,-4.092574170884429,0.398405342837068,0.0746679933237856,0.073653251822692,0.098003074076319,0.0907415258195291,0.2946045729579588,0.308372804150694,0.8124215760672227,0.7549630480383019,1.087314990329139,0.2502418193245572,0.3324706984307152,0.8185815063352224,2.5356265817034025,1.4113718671481883,0.6593660694002055,0.8628776147519007,0.5045031061129753,1.025960174153143,0.2842291842843279,0,1,0
D1_1110_2,D1,1110.0,1.8231143774318084,0.22321650706773,0.3435036429518976,0.1029293711835625,Sensitive,11.0,0.0270764154617647,0.1179662234517316,0.0786201731807403,0.0937057651149063,0.0542445668096371,0.0986525826389039,0.1356157131471619,0.1488827417713795,0.1296352175233059,0.1513409636190944,0.1537928711268598,0.2161488873286628,0.4546752844069224,0.0936794128799408,0.4971407709734359,0.1980828368928982,-2.024703050690836,0.1096308100492093,-0.0192649960050423,0.0543852483404978,0.0771937443082808,0.0751885174366757,0.2176826441293333,0.3436516496793191,0.7441599543213974,0.7087561854112798,1.0421275811027535,0.2502148426119151,0.3540368911382235,0.8088519459974162,2.6547093287558026,1.3043454782065544,0.6755886878788944,0.842167490742475,0.4916118268463316,0.9577591377622798,0.2795001722558957,0,1,0
CK1_1210_2,CK1,1210.0,2.9996030031311256,0.3561671112879607,0.3130108635819076,0.3993233589940138,Intermediate,7.0,0.0442186611453916,0.2351614967153311,0.1764133809990821,0.1603131550002303,0.0960504949125555,0.1943874939699107,0.3441438673774555,0.3197145188606737,0.3551026952551677,0.3866995055388209,0.3710534880967627,0.4138578850050908,0.602067657435774,0.2806056347813463,0.6260917143922182,0.1427393010299877,-3.860630236640185,0.2436831718787525,0.020646665880201,0.0764925585560785,0.1296228941362373,0.0927052612424859,0.335030016992412,0.2767073746757709,0.8251150782452169,0.590116441048039,1.398224791855642,0.2283156592887654,0.386899576642755,0.8123627211539683,1.937919757414087,1.5154012749338286,0.6946171408573711,0.8759456198012133,0.5351132525911296,1.050660004508586,0.3041997143683487,1,0,0
D1_1214_3,D1,1214.0,3.0,0.4224687599365873,0.5934904367373185,0.2514470831358561,Intermediate,5.0,0.0447419924031408,0.1506798850171254,0.1203635832525776,0.1044399495542622,0.0930459411615316,0.14829897150278,0.2739834797192049,0.2975625752079961,0.3026462948368069,0.33458235338018,0.329124144905425,0.5245059098685333,0.5648109035447318,0.3542266975631234,0.6602604428169576,0.1119823410244922,-17.916393844750836,0.3793329470467767,0.008197683246497,0.0594299760017497,0.0600574123134336,0.0753011493780323,0.1480661027324319,0.5187343754381638,0.7893822650920502,1.0095999278635464,0.7943269231440626,0.4097724644041337,0.4057957589105716,0.8196147170514757,1.89464221489664,1.4472030905347368,0.6277051219728548,0.8785657215048971,0.5325771731291836,1.0324237454837577,0.2743976276689655,0,1,0
D1_1214_2,D1,1214.0,2.0,0.4224687599365873,0.5934904367373185,0.2514470831358561,Intermediate,5.0,0.0604178463359921,0.1695879015721108,0.1748044228703444,0.1577757884115503,0.1261941724079788,0.2140912415912836,0.3241209740744292,0.3907672855153387,0.4465987888713875,0.4274044333025824,0.4041156963092959,0.4607617189370297,0.5440950496137562,0.3509098487533701,0.6271342968989715,-0.0151470312387596,-6.267152455744589,0.4318590317267651,0.028007424187501,0.0598534371031871,0.0591617176073928,0.0803355627535085,0.1643437640584502,0.4888263522798095,0.745042854959883,1.0116920100125468,0.736432477796588,0.3641965815355189,0.3599876022697928,0.8193305555555553,3.3827101327041333,1.353793581009581,0.6818059033319033,0.8645072523809523,0.4500400174270269,0.9803520656023484,0.2343359461933902,0,1,0
D1_1228_2,D1,1228.0000000000002,2.0,0.4714456240612147,0.6667832035422665,0.2761080445801631,Intermediate,4.0,0.0435980701507708,0.1515334999493858,0.1527466072315303,0.1385922017213511,0.1128512136293917,0.1693119271297831,0.2109700215913876,0.2164406736962817,0.2301942075952177,0.2667147508987195,0.2325006812812241,0.3130014805195337,0.4027201212433313,0.1797612631042851,0.5483676910584471,-0.0042485891571629,-3.854237497669188,0.2728393246983089,0.0688163939560748,0.0759481456455834,0.0994828491978388,0.1000256451809638,0.2715990712181725,0.3688088698183208,0.7592864234891408,0.7659090869875577,0.9945705092331344,0.2799348971950127,0.3659004666594603,0.7887687732331639,0.9446801213802214,2.2085427564792037,0.6725831253917194,0.8707254082563457,0.6598165687830585,1.0622747537667,0.2904138203569775,0,0,1
CK1_73_3,CK1,73.0,2.29315447769444,0.3276960420194899,0.339055735035649,0.3163363490033307,Intermediate,8.0,0.0329086361390823,0.1696504442511838,0.1562926349693304,0.1373221521318762,0.0927401683127907,0.1612759546332292,0.2592413944011069,0.2938396028439521,0.2836558312177916,0.3222065929823879,0.2954152076237193,0.3978407381230947,0.5475576781119871,0.2449631575632104,0.6267232614516931,0.0404920008070471,-3.76977278003267,0.3069348435487122,0.0403108935704428,0.0696230986920657,0.120946361637099,0.0796794225224897,0.2928775153502122,0.2713631946984084,0.8752108957340478,0.601261673836287,1.4956143014445615,0.2373343417916396,0.4084550751655132,0.8154964868733263,2.2438832638782182,1.3872095173700827,0.6721626612351761,0.8537424945829921,0.5185980774113556,0.994312358329176,0.2776483307255819,1,0,0
CK1_1257_1,CK1,1257.0,1.0,0.5317110600542118,0.6884466500654246,0.3749754700429988,Tolerant,2.0,0.033474227261111,0.1592491756611911,0.1097030982104448,0.1085901667324981,0.0609674196329863,0.1457613488609519,0.2244864362633063,0.2546627351984246,0.2659437497143849,0.2794340090176654,0.2755916039378227,0.4357999966473818,0.6437636880114833,0.250761641953352,0.6314774858004921,0.1965100506874175,-3.4417367579131053,0.2657152510629143,0.0049974393835993,0.0589342429583698,0.0893993536779102,0.0728194971299464,0.226958910338178,0.3221839528787585,0.8086553329935002,0.6584741880199209,1.2274843746083497,0.2597887297463306,0.3952509111886435,0.8188108587193618,3.514322936378124,1.266519118445047,0.6564728197850159,0.8640278419105434,0.4605190975396512,0.9384903622503784,0.2493148931325208,1,0,0
RD2_1235_2,RD2,1235.0,1.126297718012382,0.1730928483356376,0.2353341300842579,0.1108515665870173,Sensitive,13.0,0.0493670610415839,0.1595692953711115,0.16299677359934,0.159924786410715,0.1087052417669774,0.1736489054463235,0.2704343269606191,0.2436182294794076,0.2113556807769998,0.2261630804432339,0.2187018826458846,0.1658214794901796,0.3504524964026103,0.0904164612269634,0.4544230434457633,-0.0120188787327684,-3.2571212381658547,0.1682555481969708,0.0186355628796036,0.0657316776133909,0.0934263598412176,0.0911901893030236,0.2398618399565217,0.3823034969823343,0.7209889737377787,0.704013674430068,1.024321676740841,0.2758598460539856,0.3913376304048274,0.7632091765995908,1.3320597340986544,1.6517325056027372,0.6612511063120083,0.8387715945435197,0.6001913648712354,1.153544985067123,0.5028961415225134,0,1,0
CK1_1099_1,CK1,1099.0,1.0,0.5283258341525979,0.3479699142318796,0.7086817540733164,Tolerant,3.0,0.0321102527032888,0.1479001772792316,0.1470582627985858,0.1525019478355943,0.0743361946981748,0.1616020545399176,0.2939109214906911,0.3114337904265778,0.336225120608967,0.3273549369414628,0.3091594251849868,0.3643037336365753,0.6292441294691536,0.2196398257375895,0.6152357481494292,0.0020487296206226,-2.8462271625235784,0.378999462099066,0.028469520790223,0.0733060203518605,0.0981552286793363,0.0836052812629961,0.2876374780881728,0.2922968624935496,0.8771241426243821,0.757502153861063,1.1726831868802183,0.2569262851653498,0.3404231916560449,0.8154693417577545,2.247194978470445,1.4267670658888758,0.6757191613310016,0.8670973375356895,0.5143648587633095,1.0177937226140756,0.2755782770541385,0,1,0
RD2_1235_2,RD2,1235.0,2.0,0.1730928483356376,0.2353341300842579,0.1108515665870173,Sensitive,13.0,0.0428960717254212,0.2031316712361863,0.1329979893988375,0.1464923705466974,0.0715145919140708,0.1465923705466975,0.2049350652796959,0.1845828103607875,0.1702187661236591,0.1472497225960825,0.1324131424930941,0.0022085507553777,0.345714728096038,0.0011087573198892,0.3550038488360002,0.2084220251411563,-1.7795410865920689,-0.1596012114900879,0.0530912858976801,0.0640714070826402,0.0861568302411575,0.0862909469001713,0.1901907190533134,0.4537303244814809,0.7425126737486073,0.7436608473201374,0.9984532865205248,0.3368895682899542,0.4530185861452887,0.7515090452591257,0.9487563880021596,1.6261390804244922,0.6817740005638477,0.8402486816442755,0.6110214393061277,1.1492106768982528,0.4742435003134506,0,0,1
D1_1110_3,D1,1110.0,3.0,0.22321650706773,0.3435036429518976,0.1029293711835625,Sensitive,11.0,0.0466251100946176,0.1544818117855545,0.1682824953067323,0.1423066844025117,0.0992431206362216,0.1682478031489873,0.2403949239624183,0.2826255002805656,0.2779258099712126,0.2849126068771643,0.2660920100472161,0.3338002879367089,0.4833182818708364,0.1992744412337386,0.5577638968807171,-0.0427577746784623,-3.2777548189001697,0.2968421753259566,0.0341568768181763,0.0584891987854387,0.0751132949858996,0.0858160045332146,0.1644427203776238,0.5218595525783206,0.6815651583341226,0.7786797093450691,0.8752830582936207,0.3556812889956869,0.4567748257127653,0.8040940399268118,1.7832637619047629,1.4338225934505937,0.676929747032747,0.8622014773344773,0.5422474074074074,1.0239741923987755,0.3184842812024265,0,1,0
RD2_1257_3,RD2,1257.0,1.9570102319803384,0.5317110600542119,0.6884466500654247,0.3749754700429988,Tolerant,2.0,0.0471227788472974,0.174878139907955,0.1605160047232411,0.1606275986931467,0.1422829156797423,0.1963309750894696,0.2406362316765497,0.2672087514257336,0.2666672518416811,0.2952195046836771,0.2807673361044882,0.2948344460413258,0.3486874427300797,0.1763336814530646,0.5436970107002395,0.0376198345011114,-5.746989095786271,0.2601217165825154,0.0244382375130182,0.0776050648139047,0.0994051219355103,0.1085650087136449,0.2703746622582318,0.4035780863151939,0.7144123133356003,0.7804254780498632,0.91523224489275,0.2877361014726061,0.3688081791580481,0.8083166666666668,1.796851050346841,1.7841855776764848,0.7354870719491073,0.8543644375747375,0.54055422358758,1.2199076272228249,0.4287714528193237,0,0,1
D1_12_1,D1,12.0,1.977018518916124,0.2649762862421151,0.2427274916209154,0.2872250808633149,Sensitive,9.0,0.0417505926699801,0.1784961702356014,0.157826745486476,0.1533946866030718,0.0867166272133232,0.1811166196666381,0.2837792157198008,0.3241556944393549,0.3395726483562561,0.3314299974402676,0.3087041906950034,0.3673826346227513,0.5853646918465806,0.2298207479443045,0.5975741033067046,0.0617652347499423,-2.9565528124511395,0.2999298189830756,0.0354903832471003,0.06027369954399,0.1019916316709948,0.0727023131526213,0.2761419486156899,0.2632000282218804,0.8297415507434032,0.5910184329515276,1.403809284581221,0.2182649395639229,0.3693153670393811,0.8308055823313429,3.631949547344365,1.2019707963491129,0.6572269196395879,0.8469557399521267,0.4514345005929909,0.8935327515606978,0.2186964600995957,1,0,0
D1_1228_3,D1,1228.0,2.013013058477367,0.4714456240612147,0.6667832035422664,0.2761080445801631,Intermediate,4.0,0.0352571888410691,0.1729046264729856,0.1362711553924258,0.1304716083593726,0.1324973406799962,0.1841923374456994,0.293092367706763,0.3469526084023746,0.3869038973600839,0.3741349077158323,0.3759225077047774,0.4828995951675701,0.4769353906157245,0.3218682952334765,0.6716077161847118,0.1184265885879239,-9.031414202750415,0.3683666977349543,-0.0022168021250592,0.0820483754587363,0.1397416851370255,0.098303330351573,0.3545340922115737,0.2773805913658899,0.8346174135140888,0.5873032630583235,1.4214546387395632,0.2314468245599208,0.3941077530412843,0.8193305555555553,2.324622456654843,1.6910806346685816,0.6816809637927872,0.8749548867412191,0.5172070551476273,1.1686352045620618,0.3554890555351138,0,1,0
CK1_1235_3,CK1,1235.0,2.5841117886801954,0.1730928483356376,0.2353341300842579,0.1108515665870173,Sensitive,13.0,0.0321953441743114,0.1442085128702825,0.1005221575480775,0.1178767109427597,0.0584359789922254,0.1241338400048771,0.2285363119400681,0.2201810086062097,0.2729153705741891,0.2886551547753638,0.2626343269169939,0.4133297810299875,0.6564872153989987,0.2421174641776818,0.6270409497619054,0.1797070855701683,-2.806901888015964,0.3293656289354457,0.046559718097657,0.0618748476360997,0.0838063406353376,0.0763560392338652,0.2370522809330369,0.3512184572092812,0.825355041677616,0.7384862083682187,1.116677569342226,0.276495215979577,0.375160383491767,0.7994256276911254,2.808531239541708,1.1616584180267415,0.6122830160505564,0.8560168149758909,0.4995873592700462,0.874214827962108,0.2587159896708216,1,0,0
D1_1257_3,D1,1257.0,2.990100533994418,0.5317110600542118,0.6884466500654246,0.3749754700429988,Tolerant,2.0,0.0381545656397398,0.1748336574183168,0.175165318021121,0.1619330634763179,0.1454632935989576,0.2078632768848844,0.3600155756356917,0.4156374064156871,0.4613064796389228,0.4353423872096112,0.4210792896309285,0.4576945371529695,0.4989873254830621,0.3222835801247952,0.664989793506291,-0.0008468373919911,-13.081581473141703,0.4269340289691301,0.0166278933962072,0.0734759834583697,0.0933646448371934,0.0606339089843474,0.2936253903021458,0.2064955538417225,1.2120980190340125,0.7869831664226314,1.5401572147553373,0.2502367651027975,0.3179707751750601,0.8193305555555553,2.836244397312843,1.6557833599833862,0.6760205426772444,0.8726071013950674,0.5131977553090595,1.1873892423790078,0.3849698230410858,0,1,0
RD2_1252_2,RD2,1252.0,2.125724087284835,0.5746672551712988,0.6470500822891091,0.5022844280534884,Tolerant,1.0,0.0446263908723998,0.2027611029844045,0.1897106039838108,0.1488860137336966,0.1200426849773982,0.2038707440300848,0.3168068404900478,0.3727396997845471,0.4199863048510153,0.4213419059520853,0.3948309379925464,0.4752051187624687,0.5534765106160886,0.3432226781520214,0.6588560226584578,0.0333044999404676,-6.885473853521521,0.347648135205416,0.0325736191561163,0.075086003273661,0.0946762490140458,0.097961229549243,0.3062496402797995,0.319804332545584,0.7753529534603907,0.7950194599989177,0.9720485284418569,0.2451822445079059,0.3091156906175323,0.8097013777946789,1.949096645638706,1.7840437826437678,0.7787474638489051,0.8543668434474107,0.5150482085883734,1.1958441276727865,0.3527734292378321,0,0,1
D1_73_2,D1,73.0,1.0005753220712683,0.3276960420194899,0.339055735035649,0.3163363490033307,Intermediate,8.0,0.0335497914130142,0.1971827107361524,0.1843230591059685,0.163789975150188,0.0915943242825062,0.203175973295619,0.3365699772541482,0.3989891970110533,0.3569229576440068,0.3549327289187777,0.3266571118550544,0.368488204702512,0.5897539712992718,0.2290723192102174,0.6195634990833678,0.0337181929381271,-3.39321127063504,0.2857171129632322,0.0414803491800946,0.0727364345463414,0.1169800393792662,0.0823135148788566,0.3161996060510954,0.2603227586520396,0.8836476837199491,0.6218335030921425,1.4211273276438596,0.2300330218963968,0.3699476385218377,0.8292249474677764,3.391036734810235,1.260599707808305,0.684925213148627,0.8319344513190728,0.4520660846070963,0.9244200128985126,0.2309544273623431,1,0,0
D1_1274_3,D1,1274.0,2.841487598133232,0.4106885222095553,0.5521848137280557,0.2691922306910548,Intermediate,6.0,0.0455111083642514,0.1602931781025751,0.1832544078812765,0.159325646244401,0.1086422279695383,0.2133060429919376,0.3200716647086425,0.3515388098568482,0.4030695541871779,0.3881237215694774,0.327428500340768,0.4165891219440558,0.5609890863934593,0.2850708900394123,0.6250543197853873,-0.0660776804993111,-4.144168786170811,0.4144415392150599,0.0831621649895087,0.0754181834584901,0.0961152124002573,0.0935474767579946,0.2930378966451739,0.3192526129122754,0.8061937231782306,0.7850264735293613,1.0273405618243046,0.2573764523838957,0.3279430483644249,0.8193305555555553,2.4477816660129976,1.454831846663337,0.665735203798634,0.8619934327202696,0.5101501893315091,1.0521545004677346,0.2935915948898776,0,1,0
RD2_1228_3,RD2,1227.9999999999998,2.033639062806736,0.4714456240612147,0.6667832035422664,0.2761080445801631,Intermediate,4.0,0.048641772158434,0.1997446920618049,0.1884205438832241,0.1629090197141763,0.1407992974256424,0.2052504675380323,0.3852491320086446,0.4509644756550273,0.461006016445339,0.4722820607813239,0.4217388666143306,0.4817472156688803,0.5373788640850646,0.3691542697834623,0.6632833032111423,0.0297994290519392,-11.493218704663954,0.4006556041687054,0.0557463599736056,0.080427138189654,0.1407632233614821,0.1001690889027335,0.335962632513017,0.2988389156655276,0.8029708429171046,0.5729350007089637,1.4057304740319922,0.2398051222718941,0.4188091160199191,0.8184712122957036,2.6982996777218164,1.4101882490787614,0.6604571138594936,0.8660646109803206,0.4695200395488937,0.9960380823149152,0.2269720514915366,0,1,0
CK1_1099_3,CK1,1099.0,3.0,0.5283258341525979,0.3479699142318796,0.7086817540733164,Tolerant,3.0,0.0337226133182296,0.175565938089151,0.1453334173535951,0.1308916558875094,0.0786212495738111,0.1613444687327273,0.2806053238142322,0.3527246865093357,0.3259325612662972,0.328017465701042,0.3079105010757119,0.4278204324645353,0.6113111045125784,0.2644764710781101,0.6404119221141967,0.0947772918237619,-3.854542746329077,0.3020091434364096,0.0305976450107517,0.070650208376824,0.1057466395314941,0.0798213969300012,0.3079210682687299,0.2594014818896593,0.8851244926744812,0.6714177885990504,1.3239496412634149,0.2296127350243461,0.343026132942337,0.8278588884182656,3.87612916637377,1.115866055300942,0.617334171637783,0.8812130725507756,0.4431971463386865,0.8537042730461123,0.2095240194213437,1,0,0
D1_1235_3,D1,1235.0,2.9919365587422115,0.1730928483356376,0.2353341300842579,0.1108515665870173,Sensitive,13.0,0.0352981136554106,0.144836739486358,0.1482990678980794,0.158526904862119,0.0929218202995892,0.1697853802450532,0.2401370663029175,0.2605257305173852,0.2029877979851722,0.2202061156678265,0.2648791400243544,0.1630119132575059,0.4064831756034943,0.0810660512865681,0.4882990404710698,-0.0118378189543993,-2.2572292281767306,0.2064814296691076,-0.0921128980298863,0.0620216696372368,0.0825829998945245,0.0866656697034053,0.1656164886320167,0.524101717649699,0.7158557253295399,0.7510215935717175,0.9532109388400664,0.3749351873436655,0.4992105129409686,0.7651683796841305,2.233412163319421,1.2144924249406783,0.6100130096943398,0.8477921673960163,0.5330710185151741,0.9031827070695256,0.3363950208267991,0,1,0
D1_1099_1,D1,1099.0,1.856287518621961,0.5283258341525979,0.3479699142318796,0.7086817540733164,Tolerant,3.0,0.0279791631273682,0.1290545461243238,0.0757408948307994,0.1364674723472627,0.0627038964013125,0.1365674723472627,0.2210956064109329,0.2320128478825708,0.2598026132306399,0.2570142124880157,0.2533692203742638,0.3056890123587921,0.6077170453520855,0.1610381747393556,0.5815750525500116,0.2765346397538605,-2.135752808812006,0.3294350626697272,0.0064433024480004,0.0676628600098679,0.0675869475768471,0.068438485261912,0.2602497112055459,0.2627019135555798,0.9919955613610804,1.0111237422691626,0.9840609500184024,0.2598943777228616,0.2592550040025454,0.8112649148344544,1.991173418886718,1.56820277486231,0.6502114788174057,0.8641342043987944,0.5500023522038454,1.1296743420065227,0.3981308983027914,0,1,0
CK1_1099_2,CK1,1099.0,2.458329080582044,0.5283258341525979,0.3479699142318796,0.7086817540733164,Tolerant,3.0,0.0386593509193344,0.2057131368384985,0.1534401809788632,0.1382244760373435,0.0810511963409933,0.170511624662252,0.3291746116243775,0.3774578824919525,0.3872196934515379,0.3780110082370625,0.3588731257030567,0.4619653419707401,0.6444401240217482,0.3116620873000184,0.6562091999091153,0.1415854859550454,-4.312096661882477,0.2960106515229856,0.0266903186997068,0.0717219667785668,0.1100352385550114,0.0830080347580255,0.3183316244670195,0.2607060726751301,0.8646586216792536,0.6520610359514978,1.3259059628128904,0.2253828400936033,0.3456524406047528,0.8234050517189275,3.362105804125779,1.2200311165438107,0.6347552399740511,0.8743215632086678,0.4699869227828931,0.9091143690733288,0.2355908506489038,1,0,0
D1_1228_2,D1,1228.0,1.473536876422989,0.4714456240612147,0.6667832035422663,0.276108044580163,Intermediate,4.0,0.039348649709375,0.1684254753592671,0.1426957718698469,0.1293547602663582,0.1095012296179833,0.1522452391109989,0.2523331959426307,0.3024535511924547,0.2968531654342621,0.3254106789595084,0.3085700480030291,0.3934519050271146,0.4660321808101987,0.2529928496054046,0.6034543975552462,0.099477645153468,-6.937489607607282,0.2688819137262347,0.0066970646661819,0.0838960102209481,0.1189985332953374,0.1007653616291064,0.3161608301301366,0.3202789262259786,0.8324102310518344,0.7341344111378801,1.1824622328769132,0.2672196594799557,0.3734587222178387,0.8090891391155335,1.803794842297349,1.655252994774355,0.6993215086508664,0.8376282983670729,0.5469069310907482,1.5418048203996322,1.0068867128313763,0,0,1
RD2_1210_1,RD2,1210.0,1.0,0.3561671112879606,0.3130108635819075,0.3993233589940137,Intermediate,6.999999999999999,0.0283651563380108,0.1793464138346223,0.1663962234237329,0.1557555298252846,0.0918441839514379,0.1861363695823039,0.2709893909724359,0.2867842470025267,0.3239277107580127,0.2907659681354357,0.3317131900084771,0.3023654106293182,0.5199176712082499,0.1677100897683177,0.5876616336791524,0.0374580348427325,-2.8030242543706985,0.2370044293481877,-0.0657788282929643,0.0789137273561664,0.118304282013452,0.0953594120708513,0.309173274237247,0.3084409535910757,0.8275493572815723,0.6670406908543889,1.240628990446752,0.255241221742733,0.382647154453158,0.8120719348699497,1.9374091755936655,1.515894113802419,0.6771711357700758,0.869791447340634,0.5351333722744281,1.050918932446031,0.3042403601056521,1,0,0
RD2_1110_2,RD2,1110.0,1.0349237254695356,0.22321650706773,0.3435036429518976,0.1029293711835625,Sensitive,11.0,0.0336032551051277,0.1435449520892463,0.1315342308243094,0.136574615631943,0.0925591601458231,0.1632404859549886,0.2622529710660188,0.253396999480409,0.2194695260637419,0.2463674796555295,0.2587430807500752,0.2843204622151859,0.4524709903773377,0.1512136987598036,0.5541825784292438,0.0434489539841541,-3.909458797829408,0.2614876142609976,-0.0206234676354256,0.0583946466754024,0.0848338005180209,0.0844723227921741,0.227223273465531,0.3722372697990606,0.6911061510038001,0.688383905707212,1.0039771057688638,0.2571810732613825,0.3735936376537559,0.791890909858816,2.2901282575865496,1.3451152379338716,0.6262859882109502,0.8413640635935964,0.5356262560467921,0.9972763092720472,0.362013845176528,0,1,0
CK1_1210_3,CK1,1210.0,2.874034434976517,0.3561671112879607,0.3130108635819076,0.3993233589940138,Intermediate,7.0,0.0438280234662592,0.2277653340717761,0.1728918444797751,0.1578995555309011,0.0994770751224108,0.1937072101084286,0.3320030147106942,0.3104082471506393,0.3364106997725786,0.3676364034288474,0.3553019823369697,0.3932612457250435,0.565626569398933,0.2619894778085953,0.6122249229706174,0.1356067127513926,-4.2497453704831525,0.2310283662944046,0.0152733946122829,0.0769011491323021,0.1282314682123815,0.0932794686295127,0.3279993454741688,0.2857323494519863,0.8244443191664723,0.6004827936033345,1.3756648251293104,0.2355299183941054,0.3916616761412047,0.809155756195212,1.9135517378762017,1.4975479505682812,0.6940323821842416,0.8738913399973514,0.5365111792389502,1.040639776152595,0.3060004575290745,1,0,0
RD2_1235_1,RD2,1235.0,1.0,0.1730928483356376,0.2353341300842579,0.1108515665870173,Sensitive,13.0,0.0305988764375691,0.1403359705881312,0.0937448703744138,0.1021074476254632,0.0605090680057558,0.1040712725730525,0.0943232673955632,0.091547635876056,0.1090435243493909,0.1549889714366965,0.1566948608543459,0.1997751466477572,0.4334471510967136,0.0864452125121168,0.4806479161898682,0.2001190854031999,-1.0023303128193843,0.0457158345643169,-0.0053486447593221,0.0676555294806804,0.0917193667209981,0.0851671991854308,0.2084437410021409,0.4123293581139917,0.7962571565482576,0.7375882215853392,1.079655045996683,0.3269108321997058,0.443124501366722,0.7885629873292261,1.2930374439054029,1.8364372724053493,0.7172909491733936,0.8395143753457766,0.6205527790615685,1.2705468246177547,0.5931261198740879,0,0,1
CK1_1099_1,CK1,1099.0,1.3937396186297255,0.5283258341525979,0.3479699142318796,0.7086817540733164,Tolerant,3.0,0.0326080171475162,0.1690265382985286,0.1593653979600174,0.1351501033113355,0.071227302917705,0.1611425903254963,0.2872698328092756,0.3012094543595974,0.3182091323252822,0.3422772808382635,0.3205859316625996,0.433832312717849,0.6554307577338943,0.2712914525781071,0.6485801890645408,0.0296110995255502,-3.400168103954075,0.3388086275221252,0.0327282648881204,0.0712458287463993,0.1115673529263823,0.0838989617149539,0.3169777986657712,0.2646480308334134,0.8495893598130247,0.6388340396637114,1.3298515891667178,0.2247884047826796,0.3519333684944191,0.8162741390153088,2.78735315649458,1.306154854607793,0.6411346938049562,0.8815178935522003,0.4956785609506474,0.9571658935287872,0.2634326058109658,1,0,0
D1_1252_3,D1,1252.0,2.998850011786209,0.5746672551712988,0.6470500822891091,0.5022844280534884,Tolerant,1.0,0.0389286302204894,0.1916245651811166,0.1770813824377194,0.1385767745819952,0.0925094160618433,0.2075650557853553,0.37562881739949,0.4647607998808982,0.5403194146759124,0.5267866418478103,0.4960693088865379,0.5834580325003957,0.7012452045398834,0.4697016232449966,0.7332213755806927,0.0394509034702443,-6.145952801195045,0.4665323893097945,0.0300312954152858,0.0756892882726157,0.0833606075347419,0.0737958386025358,0.3043334387061099,0.2424831765550918,1.0257071712247627,0.9079876563039244,1.1296353662069525,0.2487051038495483,0.2739118683043032,0.8193305555555553,3.138503611111111,1.4277084577434576,0.6844368957746585,0.8497138370124879,0.4736490784308308,1.0240080797314992,0.2610123538970655,0,1,0
D1_1235_1,D1,1235.0000000000002,1.898456254255639,0.1730928483356376,0.2353341300842579,0.1108515665870173,Sensitive,13.0,0.0437126189586243,0.1984227789611437,0.1365581886850459,0.1482030549073202,0.0758885127211686,0.1498864822462022,0.2127601312732188,0.1914774211275282,0.1747627977503489,0.1559898038739425,0.1420297135435239,0.0195733601672956,0.3450802579932663,0.0106380419472239,0.3654327220280643,0.1835717152637052,-1.951025712457218,-0.1236751615136751,0.049143038919249,0.064266290397615,0.0869976271701813,0.0868423365719003,0.1960311510107535,0.4451530037430135,0.7401811286860057,0.7391099808177846,1.0016142290881056,0.3296784238361558,0.445653205951905,0.7528038954759164,0.98975276067037,1.6312615101988883,0.679821733597141,0.8399799787060656,0.6099631026435546,1.1510307729701874,0.4783472194707484,0,0,1
D1_1274_1,D1,1274.0,2.5308011616485744,0.4106885222095553,0.5521848137280557,0.2691922306910548,Intermediate,6.0,0.0461987159812156,0.1717879134839048,0.1590339945475982,0.1344380611264347,0.094960649525776,0.1920159496584203,0.286992451970202,0.3548549554859551,0.3500829384911681,0.3710630154020581,0.3306262375296344,0.4628158385599889,0.5870197834522451,0.3235995447919232,0.6401056384374453,0.0358134925248177,-4.835562510734511,0.3668008152952586,0.0535439718999551,0.0718813801682197,0.1072530123847279,0.0795920049341372,0.3041859157736339,0.2616742412940604,0.9089364341646928,0.6706945372838456,1.36329691053139,0.2363138302432457,0.3525874668171646,0.8244140910798634,2.822832790520284,1.305769039564836,0.6654285384280185,0.8665954854205618,0.4810179492700183,0.9567155282526802,0.2493226679788222,1,0,0
CK1_1214_2,CK1,1214.0,2.6310996318458724,0.4224687599365873,0.5934904367373185,0.2514470831358561,Intermediate,5.0,0.0533085510641147,0.15428929242715,0.1282764734081137,0.1208459372970667,0.0839054111778529,0.1486891812868536,0.2421052180919519,0.2796753789292509,0.2392307126025615,0.2271063956437617,0.2293171609875882,0.2714823124988998,0.4148691191647382,0.1560704529010589,0.4589794172369269,0.0970950805311714,-4.885055595981675,0.1465831490886473,-0.020502304939007,0.0673036222838645,0.0936505330973226,0.0815162905884214,0.2300546407410753,0.3853509915799531,0.8244290453803111,0.7387561255298629,1.1556636389953192,0.3215388882487834,0.4238379635808145,0.8019914810457529,2.383331210688402,1.415230181445695,0.6608317467578702,0.8498474331934369,0.530259508490108,1.003936544213684,0.3302800087704939,0,0,1
CK1_12_3,CK1,12.0,1.4127970790935518,0.2649762862421151,0.2427274916209154,0.2872250808633149,Sensitive,9.0,0.0412819381569482,0.1928367244876611,0.1837109035969842,0.1772709254168768,0.1085665905214866,0.1835318134385337,0.3011227183113962,0.3210678860905501,0.2860091512589566,0.3151387842413736,0.3058328437840751,0.2871257206040695,0.4916198415241634,0.1715880821313262,0.5598076611798621,0.0339729783126135,-2.9299887721810745,0.2412565105827361,0.01500865013503,0.0658870421402274,0.1134740431716273,0.0888800275210345,0.2940943554004838,0.3020171269762359,0.7446535829557149,0.5809050724613372,1.2803368499511816,0.2240999211081403,0.3858196569702825,0.7788315459449882,2.09753718373101,1.2592468382943462,0.6216492316696404,0.8591279501919701,0.5420376514174362,0.9314198374759184,0.3191717326442212,0,1,0
D1_1228_3,D1,1228.0,2.9708555547565547,0.4714456240612147,0.6667832035422664,0.2761080445801631,Intermediate,4.0,0.0371559343102074,0.1831978049640121,0.1286604182549883,0.1334481496634564,0.1289896067490755,0.1771172769153847,0.2829147990200797,0.3129748677849817,0.4041977077020339,0.3814704047812158,0.3673056844067432,0.4815828497150435,0.494283596802767,0.3255818160553855,0.6686571106821629,0.1760180533739422,-37.37511956824243,0.3507510799611794,0.0186660718390227,0.083292025085113,0.1433728658257932,0.0985752794742704,0.3611123432645165,0.2730193497305295,0.8449766573533616,0.5809429331445466,1.4544661920562745,0.2306676103447032,0.397073718012555,0.8193305555555553,2.723282902765986,1.5620687150476165,0.670406050546913,0.8681649705270499,0.487109636900409,1.0973207540924232,0.2866766873511041,0,1,0
RD2_73_1,RD2,73.0,1.385885791000346,0.3276960420194899,0.339055735035649,0.3163363490033307,Intermediate,8.0,0.0467089256895321,0.1926256938311218,0.1675660411130163,0.1657601663549859,0.1001272237278869,0.1959430948927671,0.321540319711266,0.3231543196251847,0.3001887023727181,0.306959140103169,0.3024938669989143,0.3031419850921873,0.5175311422146165,0.1830133295169599,0.5530737684810223,0.0744870403672832,-3.3840456625164856,0.2301671757283529,0.0071684739543974,0.0725184101682737,0.1214175718099715,0.0915162212130325,0.3036614522484419,0.2997023738567588,0.7954292479135834,0.6469687455008062,1.2895122095747915,0.2380180106812418,0.3910814322480976,0.8041204091662686,1.4211363738297391,1.7471604159163745,0.6890242423878385,0.8561419687914541,0.5844717383376616,1.1871921821365656,0.3689202834890594,0,0,1
RD2_1274_3,RD2,1274.0,3.0,0.4106885222095553,0.5521848137280557,0.2691922306910548,Intermediate,6.0,0.0392929015973003,0.2027826972724423,0.1649627472758842,0.1520601709489379,0.0930674742140602,0.1637862438060924,0.2648429922814053,0.2734236632860652,0.2906681315386175,0.3459084963790545,0.2803645869297592,0.3891079868995613,0.5760242066845146,0.2467550157630019,0.6156668436960325,0.1024764651071943,-2.9186300023378515,0.2607259972961172,0.1047200230564351,0.0856730043094113,0.1263137683034005,0.0963412318855373,0.3660188480890554,0.263690658898961,0.8891592898048659,0.6793866119898531,1.3107369084086409,0.2342659298247515,0.3449450824585044,0.7744230581244929,0.7888896238201711,2.0031873377980998,0.7055308896092011,0.8477366558674718,0.6428229880496944,1.3246952545298694,0.6403492263676671,0,0,1
RD2_1252_1,RD2,1252.0,1.0,0.5746672551712988,0.6470500822891091,0.5022844280534884,Tolerant,1.0,0.0479344357717601,0.1908790885651826,0.1824241685317866,0.1655140024329346,0.1287086373224641,0.2233255307439906,0.3189440366346096,0.4129954704741501,0.3780336404440854,0.3806248135185277,0.3365303865788247,0.3938757047902697,0.4945997081688811,0.2669927902975182,0.60916816012473,0.0226489318547114,-5.168686664512817,0.3320112500165418,0.0614851944566096,0.0745180820968899,0.095548759089541,0.0978218318397008,0.3289986855092753,0.297331983738913,0.7617735286620295,0.7798958639438496,0.9767631334939528,0.2264996346684159,0.2904229204216834,0.8083166666666667,1.6342972222222223,1.8549777777777776,0.7574567349970291,0.856382050925926,0.5384648888888889,1.2395106757591845,0.3968088617885209,0,0,1
D1_1252_2,D1,1252.0,2.0,0.5746672551712988,0.647050082289109,0.5022844280534884,Tolerant,1.0,0.0413534992330355,0.1983955050312099,0.1486042979466873,0.1156336443815408,0.0757523044664842,0.184213176376652,0.3679501387630128,0.451518753513959,0.5382037166204394,0.5209898483958948,0.5147538969425015,0.6367283151650736,0.7461137808333781,0.5320639384240152,0.7534066124311251,0.1434905917607831,-7.326680488959226,0.4484305133306139,0.00602074739129,0.0739966055006986,0.0735253219921717,0.0594234221807686,0.3024527071841318,0.1964717813715741,1.245243081946262,1.0064098108667392,1.2373121434301304,0.2446551269623261,0.2430969213414911,0.8193305555555553,3.13850361111111,1.4277084577434576,0.6499321770341769,0.8596412962962965,0.4736490784308307,1.024008079731499,0.2610123538970655,0,1,0
D1_1214_1,D1,1214.0,1.0,0.4224687599365873,0.5934904367373184,0.2514470831358561,Intermediate,5.0,0.0421361523185781,0.1734014196657489,0.1543931650625395,0.1366776677281601,0.0893567929807743,0.1739683540396818,0.2940116390164251,0.3505222059468033,0.3431353297212993,0.3449130798384762,0.2994031055826066,0.4328170510821821,0.5883619255492232,0.2815812138847195,0.6288757938376422,0.0589560019890823,-4.420410071301655,0.3308712232228942,0.0704536127742537,0.0664390943021176,0.1127521167314676,0.0780698094277721,0.3168285693029915,0.2489066769809246,0.8510691906397474,0.5928851730830328,1.442678293409928,0.2119136308149836,0.3565592207177059,0.8224126300386021,3.1570086103746218,1.1934242994700195,0.6144750016802987,0.8813544736096884,0.4772260038086269,0.8985577709647584,0.2329410998795434,1,0,0
D1_1235_3,D1,1235.0000000000002,3.0,0.1730928483356376,0.2353341300842579,0.1108515665870173,Sensitive,13.0,0.0352943154082973,0.1447165381801248,0.1483689308684503,0.1588348936295456,0.0930454195244529,0.1700077488924535,0.2402901038711107,0.2605261266710924,0.2026934934898093,0.2200672121552996,0.2649034283189034,0.1616045875035689,0.4056744434386009,0.0802155031819483,0.4876533908818071,-0.0124618688839669,-2.2381191911529763,0.2065625836820647,-0.0924514030591995,0.062030496718071,0.0825855664900779,0.0867543162823608,0.1651569599675472,0.5252840464421198,0.7150133769100078,0.7511057837256947,0.9519476371191772,0.3755851203164631,0.5000429074033658,0.7649111111111113,2.223310185185185,1.2151125002145,0.6100302777777779,0.8478295013585014,0.5336111055483485,0.903493844279836,0.3369399182464015,0,1,0
D1_1218_1,D1,1218.0,2.9947799654295006,0.2061603258263428,0.3093793559901545,0.1029412956625311,Sensitive,12.0,0.0333260458715198,0.1517678114552421,0.1297689791657195,0.1015316463138524,0.0612010705790675,0.1132767067162336,0.2496453553996189,0.2685593192256969,0.2707364758455131,0.2733018156348826,0.2812690548913441,0.4584148518349002,0.6341332730493949,0.26312200672073,0.6403010930115574,0.0782034098575084,-4.680090348720878,0.2859271709062679,-0.0143641951834626,0.054171426926815,0.0776603037603649,0.0627338739138546,0.2081795381717674,0.3013467997505358,0.8636396383405033,0.6976117547007531,1.2379822544101748,0.260255530621956,0.3730621809896677,0.8252533350003379,2.8471189885695645,1.29430935742828,0.6779456544313363,0.8515164318510798,0.4745199213940157,0.9433968223290088,0.2426234872982987,1,0,0
D1_1099_1,D1,1099.0,2.984506635981228,0.5283258341525979,0.3479699142318796,0.7086817540733164,Tolerant,3.0,0.0223160102799037,0.114726659849328,0.0855691216229608,0.1108867804246639,0.0777951332270891,0.1109867804246639,0.1752083256101723,0.1734687797209928,0.1718387381077108,0.187508541030463,0.213249528968577,0.2564596963618166,0.4127943577422964,0.1135232565376339,0.5534052388859865,0.1460121866310309,-2.948056454912835,0.2401956756439511,-0.0646154291694398,0.0665151186927615,0.0673597598547267,0.0742746487906181,0.2529215611332046,0.2936596539711713,0.8955269765890703,0.9878719821559924,0.9067418274406464,0.2629804085701741,0.2662923509806708,0.8016449818297245,1.8223450252579032,1.5184972756212438,0.6648338780634077,0.8675225053833747,0.5439189910331317,1.0885656271907875,0.3462652848670061,0,1,0
CK1_73_1,CK1,73.0,1.0,0.3276960420194898,0.339055735035649,0.3163363490033307,Intermediate,8.0,0.0503441069472352,0.2051437687564286,0.1887416969979362,0.185415183909827,0.1216779103986457,0.2269213837835917,0.3493207506068003,0.3731633631936871,0.3351567397229958,0.3164468395466622,0.2983986699116276,0.2609501851425377,0.4444423912997747,0.1596431391154306,0.5301137106728268,0.0416320335259525,-3.5725048312083136,0.213226495742582,0.0293024244373233,0.0794761031691695,0.1508996773248209,0.101565157148034,0.325159346521602,0.3122995389423008,0.7832529640033793,0.5275038726028938,1.4852721455550977,0.2444066758575583,0.4639788553735859,0.8090993646352758,1.244476897589735,1.9554116756740656,0.7131357376432096,0.8535576732504976,0.6015260829265722,1.2864631688164352,0.3938378390778261,0,0,1
D1_12_1,D1,12.0,1.0,0.2649762862421151,0.2427274916209154,0.2872250808633149,Sensitive,9.0,0.043182361628015,0.1978003806847175,0.2011692893426602,0.1945039763354836,0.1188249414056935,0.1946579289536823,0.3159510094411596,0.3305497858407347,0.2900126124327088,0.3173137553527576,0.3083327957337834,0.2399484973494145,0.4551113160343468,0.1421096525011896,0.5356040415670181,-0.0084453084481517,-2.6045764918440564,0.2320147968701076,0.0143596468915625,0.0656679103091,0.1145234680891503,0.091640033003754,0.2961686423096858,0.3094181048826921,0.7165783194485096,0.5733969647697713,1.2497144250365255,0.2217241720064959,0.3866831108107587,0.7650092930687433,1.7277738367729858,1.282141684324014,0.6196147556822041,0.860744452345952,0.5625709002071744,0.9454059614175906,0.347484062168469,0,1,0
RD2_73_1,RD2,73.0,2.902886310752386,0.3276960420194899,0.339055735035649,0.3163363490033307,Intermediate,8.0,0.0403270817466162,0.180564974415144,0.1901291356815531,0.1418554864383066,0.1135243314912724,0.1663147292944944,0.2558511195525089,0.2708074638103928,0.2617012897914774,0.3118882534040417,0.2698704107123376,0.3753661104351787,0.4663268731803023,0.2288424770177599,0.5988758001514197,-0.0260221659511244,-5.121096443500649,0.2668350149264956,0.072341951656171,0.0739099138903031,0.1244215024191769,0.0968065922047843,0.331252776325396,0.2922633933000706,0.7634339689081332,0.594837864824764,1.284669033919798,0.2231417188956561,0.3756903308033154,0.8083166666666667,1.218338345497837,2.033084192535961,0.8023012880255365,0.8615005288977183,0.5801131426919678,1.3081660583130668,0.3849504160360891,0,0,1
CK1_1274_2,CK1,1274.0,1.128372136698895,0.4106885222095553,0.5521848137280557,0.2691922306910548,Intermediate,6.0,0.038484957804767,0.13898908309007,0.1367561523127377,0.1375272819506636,0.0985039982455138,0.1954447587436332,0.2164940390906984,0.3121091476738285,0.3387265620006143,0.2889122674211661,0.3177616676154819,0.3568118226777028,0.4957053680431751,0.2084342039032202,0.5880254449155017,0.0096524148495747,-3.001596055288606,0.350524119175689,-0.0465129972639145,0.0759499657543965,0.1036979480603249,0.0923633968776067,0.3034843674722707,0.3042742093530157,0.8249691901388617,0.7320289398166752,1.1285047168859224,0.2502284853781282,0.3416685682568388,0.8196340130231408,2.6302534070695707,1.3715631445354417,0.6465020663071053,0.8587029166032484,0.5012053889588126,1.0117680434938623,0.2787683009816721,0,1,0
D1_73_3,D1,73.0,2.9997829468327524,0.3276960420194899,0.339055735035649,0.3163363490033307,Intermediate,8.0,0.040324034438555,0.1553988802752797,0.161786231879071,0.1330253965053049,0.0855330633920437,0.1579563830034918,0.2236207970831144,0.2756769780687741,0.2772181081826546,0.267805330090643,0.2371194960676498,0.336250471781347,0.5158554022435148,0.1910650738770584,0.5675229320603355,-0.0201387998020584,-2.907552065069624,0.2656073955840887,0.0607738057445477,0.057607310849848,0.0625759373218167,0.0688345391178479,0.2368378672503262,0.2906410246502309,0.8368944287126379,0.920626668346064,0.90906670202731,0.2432357006220161,0.2642103917382699,0.7954515537848266,1.8614616200731775,1.493719482201502,0.6753413251810971,0.8639222406975603,0.5549550550501078,1.062752479050791,0.3453797402876134,0,1,0
D1_1219_1,D1,1219.0,1.527521548537332,0.2370211071473494,0.3988462936126172,0.0751959206820815,Sensitive,10.0,0.0548113036503047,0.1584537073426816,0.2157340602596575,0.1941329927936746,0.1164764486110375,0.237285252918559,0.3662572971419984,0.3959631017707331,0.4023654757155065,0.4335010804944474,0.3830860612364904,0.380272924656873,0.5747859119760326,0.275884431432445,0.6027973198486399,-0.1507465969711822,-3.2950501778984176,0.4636605171788246,0.0613219303459863,0.0633753984093287,0.0910677490714764,0.0801723539807102,0.2416233377672576,0.3371468225908293,0.7924551528621129,0.699897375579491,1.143814093974564,0.2653009871418191,0.3780931784575277,0.8173956886624522,2.4317249752728225,1.4273406728593667,0.6518556279004781,0.8618846383565952,0.5149038650716983,1.0218242761041576,0.3051538996941013,0,1,0
CK1_12_2,CK1,12.0,2.9335757432011653,0.2649762862421151,0.2427274916209153,0.2872250808633149,Sensitive,9.0,0.0449910571176985,0.1835189840974759,0.1792470224492395,0.1757595343612552,0.1074032399942436,0.180723373758669,0.2553883094672756,0.2930968939164455,0.2815471314730416,0.2801162202758258,0.2560709117139346,0.2282868324039614,0.4448925378274395,0.130855687865129,0.5153963037130752,0.0120573071544697,-2.166478980874677,0.2076826006615559,0.0449692500124775,0.0675001106932554,0.0991574813171468,0.0890945006152158,0.2800444553395654,0.3180819448421673,0.7586159620974723,0.6808994663589514,1.1168544233725124,0.2410081956225713,0.3540941049173245,0.7693910582085437,1.5559518142026807,1.535989263711919,0.6572140215440864,0.8630762721876014,0.5833804218468698,1.086153249192306,0.4342793677898272,0,1,0
CK1_1257_2,CK1,1257.0,2.8676611179624154,0.5317110600542118,0.6884466500654246,0.3749754700429988,Tolerant,2.0,0.0466082291391203,0.1468689099128617,0.1484512819158567,0.150611366126636,0.1395417219191664,0.1632052381643681,0.2027713210430379,0.1961923747751474,0.2475948706570162,0.2754473475675871,0.2683837065475108,0.2942950751609394,0.332052258425447,0.1707847875570289,0.5381551302140689,-0.0043069374533458,-6.217201799927597,0.3041108469714704,0.0151358054272506,0.0793599672665311,0.10398070314743,0.106669618564577,0.2902206412599685,0.3668532944613032,0.7456926714724533,0.7635304758815655,0.9863595299604734,0.2730775372921704,0.3585936453637471,0.8098848824188121,1.9613018925661565,1.735712159403567,0.737180673689747,0.853551861862689,0.5289532486791574,1.2137941318154115,0.463449129911049,0,0,1
CK1_1235_3,CK1,1235.0,3.0,0.1730928483356376,0.2353341300842579,0.1108515665870173,Sensitive,13.0,0.0452828943220931,0.1733208720617444,0.1257833049951691,0.1196244907734535,0.0909032012875533,0.1365079046820409,0.1804607596695828,0.191685245084498,0.1011216852389219,0.1586887171866494,0.1935971810714444,0.1226249327054505,0.2506633378211083,0.0603196619380656,0.3938740527533665,0.1607629755448296,-3.0741531840357137,-0.0602275657903833,-0.109642680850173,0.0614974019658722,0.0836498299720472,0.0841973711625262,0.2023991126508468,0.4221490909799,0.7335706333208354,0.7351941522737176,0.9975791803782856,0.3068684184007966,0.4175169457334791,0.7572201163248714,1.4140849071564143,1.6522899739315493,0.6670916496702596,0.8233380855122452,0.5965377691248759,1.0626683078676904,0.3518202146628564,0,0,1
D1_1210_1,D1,1210.0,1.0016331782880137,0.3561671112879607,0.3130108635819076,0.3993233589940138,Intermediate,7.0,0.0354953355270184,0.177027887358552,0.1421974374391756,0.1623484948918805,0.1206493274092052,0.2101533862512314,0.2821828600264532,0.309903951973758,0.3111885795651299,0.3448187931729478,0.3083776532545816,0.3597555543452177,0.4815659845684488,0.2222282100151917,0.6098880634131494,0.1091101653663044,-3.8743411744368914,0.3215315708483037,0.0557840990206532,0.0755432212369049,0.1095882871381389,0.096875022714823,0.2423312356262631,0.3998308410129355,0.7798046574773344,0.6893916142760343,1.131247730149834,0.3117701233315053,0.4522352494199215,0.7650392344400706,1.6121592435106675,1.5372302348454132,0.5926285134665916,0.8578629453788293,0.58505692738974,1.1112226814064907,0.4914495476262956,0,1,0
RD2_1274_2,RD2,1274.0,2.937805197326361,0.4106885222095553,0.5521848137280557,0.2691922306910548,Intermediate,6.0,0.0490279718903705,0.1828414867125432,0.167776155252128,0.1352662264888181,0.0941842303525924,0.1883463344872132,0.3071215044156205,0.3618354871499054,0.3466689334015441,0.3868891239953012,0.3275550996700198,0.4785899669562375,0.6047372499685784,0.3446849815871808,0.6450430752391471,0.0442921647494548,-5.248437780101972,0.3551953338700745,0.081437617059028,0.0706158290731645,0.108634171742463,0.0760098118866944,0.3063549657851702,0.2479055115773284,0.9308725009700406,0.6500375199929761,1.4320148562188917,0.2305310880860012,0.3546422760442634,0.8231117092574919,2.7726677681454968,1.3121267918672994,0.6733045772796504,0.8691186574601558,0.4824663264244074,0.9521419695881286,0.2554842234069175,1,0,0
CK1_1110_2,CK1,1110.0,1.8716313145887171,0.22321650706773,0.3435036429518976,0.1029293711835625,Sensitive,11.0,0.0411344610458146,0.1240634779738349,0.0980939205682516,0.076278866413458,0.0539103492596725,0.0857099490493814,0.1457580714061902,0.2008316859695832,0.183841448696456,0.1848306401928559,0.1681630613836822,0.4262521611876934,0.5538663056456761,0.2083132926731613,0.5544440147471728,0.1169302024704299,-4.509075894511047,0.1993745867506136,0.0493072413473389,0.0556695534330731,0.074790179522751,0.0634239795797718,0.19984640816729,0.3186656906473341,0.8886060564456819,0.7468133834045824,1.18848241779684,0.2835402983187208,0.3790459521142933,0.8206129384554942,3.719457644857547,1.1587943698881862,0.6081246287313964,0.8152397972309415,0.4733228742007892,0.9417316469122798,0.4195090515197321,1,0,0
CK1_73_2,CK1,73.0,1.6705523556622126,0.3276960420194899,0.339055735035649,0.3163363490033307,Intermediate,8.0,0.0410009996330211,0.1994049110098954,0.1768157680494929,0.174341876537793,0.0963064456038448,0.2006149717776296,0.3305533163650845,0.3761898402909196,0.3749946923782866,0.3774826155296877,0.3605970337219281,0.3681358550101989,0.5933601536530997,0.2399274945481612,0.6100425828054493,0.0602271073171699,-3.0156846329918108,0.3082136649313344,0.0235528108664272,0.0755748416053788,0.1425200088019338,0.0857023196985814,0.33150749612693,0.2585626716948644,0.8818648781142904,0.537666998519474,1.658367936629076,0.2280189037828027,0.4285881951425194,0.831091792980474,3.329187962497995,1.2770369654637126,0.6918609416010599,0.8249045486128983,0.4547863538721532,0.9309224638106088,0.2309736840076099,1,0,0
D1_1214_2,D1,1214.0,1.5852199997052616,0.4224687599365873,0.5934904367373185,0.2514470831358561,Intermediate,5.0,0.0529014980239127,0.1714528922331458,0.1668083028072863,0.1493889670140715,0.1110315187899931,0.19776175855989,0.3124300679494091,0.3748622431836577,0.4041626764456624,0.3937797936694502,0.3610507869907423,0.448609172882855,0.5626348987927232,0.3221040322687485,0.627627249299326,0.0144886657449812,-5.453392160857066,0.3900200637111504,0.0459283092084009,0.0626477261787853,0.0817615975430052,0.0794784292282536,0.2288010753350802,0.3876032865944432,0.7889029597187035,0.8350958231608085,1.0332431634885275,0.2995173983382027,0.3580987437715781,0.820628362317739,3.293540561095047,1.2856770361327268,0.6535345161872665,0.8715979039767529,0.4612146318173961,0.9454874968464764,0.2333081035391861,0,1,0
RD2_73_3,RD2,72.99999999999999,2.0042066706141446,0.3276960420194899,0.3390557350356489,0.3163363490033307,Intermediate,8.0,0.0398846015483518,0.1722423262842672,0.1338329056742953,0.1331713663569474,0.0641777780863124,0.1452524510806635,0.2764358843073335,0.2452564414911808,0.2459399751509588,0.2943155814692662,0.3105811900055336,0.3769559902762265,0.6420945419495758,0.2245326863798198,0.5951766188150672,0.125625887035644,-3.081995170305012,0.2616447368230438,-0.0268723981501772,0.0610822527162848,0.0726155505983168,0.074427132174798,0.2691600316155349,0.2765019549570244,0.8207716643050094,0.8418867227508577,0.9752846011673733,0.2269413747537272,0.2696865870651022,0.7974880605745648,1.8324873907450896,1.375561161734391,0.6495732702262225,0.8589290608481899,0.5482142246527489,1.0080874034117293,0.3194636433834051,0,1,0
RD2_1210_1,RD2,1210.0,1.6629452217357945,0.3561671112879607,0.3130108635819076,0.3993233589940138,Intermediate,7.0,0.048455945547217,0.181487006591601,0.183082861023245,0.1812852895939375,0.1250252321486093,0.2044669648161673,0.2904469581244289,0.3206938274640588,0.3039675510495896,0.3311347268277606,0.3045647230830381,0.2911946614632137,0.4510038585437168,0.1827100127392628,0.5509678638174682,-0.0043759030487735,-3.213882173665213,0.2907984814643592,0.0416019837756343,0.0714559376105404,0.1086096932963849,0.1027194590001128,0.2819572906162946,0.365219113582155,0.6954973383591542,0.6589555913251764,1.0569474345288972,0.2536370915433293,0.3849986418397574,0.8083166666666667,1.3329160918454186,2.090573786026891,0.7777484354943841,0.8590857768028671,0.5674115408358107,1.3873947411119834,0.4427591900110232,0,0,1
D1_1099_2,D1,1099.0,2.191780836397428,0.5283258341525979,0.3479699142318796,0.7086817540733164,Tolerant,3.0,0.0263294668152587,0.1252129706651934,0.0690734649702635,0.1280215334669451,0.0636352430798942,0.1281215334669451,0.2017850238101435,0.2078958601355363,0.2306575328758576,0.2353136283062217,0.2390618089628751,0.2936628650410816,0.5699097130298701,0.1479563669678181,0.5742648201879582,0.2898978907364847,-2.229862518463856,0.3028863320352816,-0.0099861034286809,0.0665131984013634,0.064504546087272,0.0675857741035599,0.2575460174436507,0.2625579140359438,0.9862395070649762,1.031558262570453,0.9555773994223496,0.2582776861396362,0.2505251320048662,0.8086532375384461,1.943931279264692,1.5723586434262435,0.647288967754468,0.8655230467138573,0.5533089343864848,1.1344102012874235,0.4050743443630215,0,1,0
CK1_1099_2,CK1,1099.0,2.1016348891718244,0.5283258341525979,0.3479699142318796,0.7086817540733164,Tolerant,3.0,0.0451121764652577,0.2242987424966587,0.1647243369221997,0.1492216397513469,0.093145111372267,0.188885850923878,0.365403512771414,0.3999019931997818,0.4401998658374427,0.4133282796382487,0.3939029345200138,0.4699350123431595,0.6357909980949458,0.3356043753744078,0.6548886682735997,0.1534227562890772,-5.394524731811111,0.2974638187208987,0.0244061958909364,0.074389270647138,0.1164588430520594,0.087967359621134,0.3207891848674049,0.2760810433170592,0.8460242881444404,0.6397748011302473,1.322635560893496,0.2333848758111269,0.3657716774232115,0.817914200600681,2.743944194666596,1.3842012441905085,0.6609355006896107,0.8688591734082396,0.4987259266808691,1.002376294600748,0.2710888050883466,1,0,0
RD2_1257_2,RD2,1257.0,2.251832472518172,0.5317110600542118,0.6884466500654245,0.3749754700429988,Tolerant,2.0,0.0452264016442136,0.1673795706331988,0.1719177147493398,0.1659904427622381,0.1242508862569945,0.184320330176892,0.2542361220742922,0.2544939619844325,0.2811560428481993,0.2592961348629247,0.2396059597961112,0.2188979947881099,0.3520385026337417,0.1261394653600688,0.5031047944331768,-0.013650486117292,-3.091153507024025,0.2145157405439004,0.0477322136291034,0.0733705865367187,0.0953431335190049,0.1000700263230177,0.2580694876240293,0.3892329313356945,0.7385742970374232,0.7683332426888526,0.9659891471480212,0.2850388786350635,0.3700024438675205,0.8092631953396663,1.9797745441984664,1.7895455410620356,0.7718549342212817,0.8713814522580596,0.52964933279423,1.1713886095723254,0.337092508778672,0,0,1
RD2_73_3,RD2,73.0,3.0,0.3276960420194899,0.339055735035649,0.3163363490033307,Intermediate,8.0,0.0386737658394794,0.1788772633002164,0.1867961673268323,0.1378795710694705,0.1096523412775803,0.1621836213978643,0.2520641607885688,0.2708257269559288,0.261520864216855,0.315744134616774,0.272401264987863,0.3916517626404768,0.4842646302257886,0.2399017493604898,0.6104501056048268,-0.020886280996819,-5.097559694705385,0.2762999431223049,0.0737842955238156,0.0736557879642308,0.1249933251855073,0.0953850339089934,0.3288459989093983,0.2899782399692266,0.7732882099776978,0.5903811848333524,1.3145334936888202,0.2241306835136777,0.3807860628865828,0.810178145867249,1.3401031000730554,1.9728888962588145,0.7966173495527913,0.861049043689998,0.5704998930142298,1.277040240102626,0.3716341417513025,0,0,1
D1_1218_2,D1,1218.0,2.0,0.2061603258263428,0.3093793559901545,0.1029412956625311,Sensitive,12.000000000000002,0.0377897662094792,0.1832691673762006,0.2014079020452747,0.1956854828322939,0.1232692626009248,0.2249835290722559,0.2777263942558641,0.2909440715320944,0.3038871844788425,0.3176298071444391,0.3143968332656023,0.2375622286527182,0.4408277491074821,0.1380510458855537,0.5451620988985696,-0.0471531476821273,-2.1329079503837827,0.2682389994309685,0.0051152493765576,0.067984724254451,0.1103799215402888,0.0915885419781989,0.298585369461158,0.3067415597516046,0.7422841625364578,0.6159156778168657,1.2051717282064136,0.227689402043947,0.3696762560821994,0.7926036503431291,2.6342224179608187,1.232228672529673,0.6395277055627056,0.8315604847704848,0.5134945152532533,0.9237933812316688,0.3131415378732247,0,1,0
CK1_1218_2,CK1,1218.0,2.0,0.2061603258263428,0.3093793559901545,0.1029412956625311,Sensitive,12.0,0.0417727962734105,0.1710533429536904,0.1221744545981399,0.1199112977320955,0.0511887068066007,0.1306696202444087,0.1822496299191627,0.2500657100361215,0.2796161298321263,0.3002919669130106,0.2350284962129998,0.4292700326598686,0.7087253401427582,0.2642609107087013,0.6152240887429015,0.1666925467059156,-1.907101020759841,0.2741909619689447,0.1219147691584821,0.0568700403786585,0.081984543987263,0.060597742849175,0.2361817167049953,0.2565725394366908,0.9384844651121242,0.6936678249759731,1.3529306538038175,0.2407893428330591,0.3471248541010224,0.8284166666666666,3.414444444444445,1.2495861111111113,0.6696,0.8249,0.4594166666666668,0.9204044810156524,0.2316869523115038,1,0,0
CK1_1235_3,CK1,1234.9999999999998,3.0,0.1730928483356376,0.2353341300842578,0.1108515665870173,Sensitive,13.0,0.034046262985837,0.1542549535317295,0.0882198958065498,0.1194662954778012,0.0566935078997255,0.1301073069441671,0.2765650969107759,0.2504290288223844,0.3112253093571417,0.3259697953444709,0.2948213398490234,0.4635984916244788,0.7036898628414805,0.2888289140484437,0.6553656928746127,0.2723377615375675,-3.5026577254967903,0.3575718289797085,0.0501754192748278,0.060593307256312,0.0815327871205579,0.0666367987321985,0.2803375398385531,0.2377020171711738,0.909306994306479,0.7431771845650069,1.223539974149563,0.2161441070988686,0.2908379203813695,0.8239999999999998,3.6109694444444447,1.1464305555555554,0.6263972222222223,0.8529916666666666,0.4496749999999999,0.8717628047867163,0.2188923053377398,1,0,0
D1_1210_1,D1,1210.0,1.501521729718649,0.3561671112879607,0.3130108635819076,0.3993233589940138,Intermediate,7.0,0.035822658356651,0.1984448394715407,0.1597915819517413,0.1600428703545582,0.1045479113123754,0.2001495815908792,0.3016417550025367,0.3526234933249008,0.3542103602837654,0.3881761138905706,0.3423572895894212,0.4122059471774895,0.570700215850099,0.2735613975567874,0.6404354736912209,0.1080177505783632,-3.615850634802572,0.3232418526232388,0.062055482441123,0.0797707664281921,0.126879950058517,0.0958056924389717,0.2867285642497368,0.3429457464304747,0.833227292654983,0.6359913377015771,1.326527225609501,0.2827114774266067,0.4438135266222487,0.790764238129534,1.7837188451911632,1.5247558544503534,0.6442926895466026,0.8613947880243271,0.5592476127456012,1.0798075700967833,0.3922927057613461,1,0,0
CK1_1219_2,CK1,1219.0,1.0464336617410648,0.2370211071473494,0.3988462936126172,0.0751959206820815,Sensitive,10.0,0.0339429120755308,0.1407429486659542,0.1135661494105473,0.1062685424431141,0.0667848532144012,0.1076303122963957,0.1268805539412252,0.0875870177466377,0.05739508319531,0.1220633786278536,0.1559693137813362,0.0521260895044877,0.2752243892924618,0.0243009259846986,0.3748148447257161,0.1067371330063175,-1.4989155913471683,-0.0871473512356749,-0.132203607797072,0.0617129002936302,0.0922065133997919,0.0886143066118157,0.207473742003024,0.4316038124476634,0.698237943252779,0.6696408802413087,1.044009688342681,0.2993046957308825,0.4466659093965219,0.7003874084977723,0.7835431226542293,1.7438203524847575,0.7064194176470074,0.8250955237371935,0.6343481422260698,1.1715206501598558,0.5381156439679448,0,0,1
D1_1219_1,D1,1219.0,1.5489540260803452,0.2370211071473494,0.3988462936126172,0.0751959206820815,Sensitive,10.0,0.0533464409413101,0.1587746185315773,0.1807846251006618,0.1969991021708738,0.1193978905279915,0.2200912011690954,0.2907842498232527,0.2990816348093952,0.2977159302984543,0.335916203605852,0.2892231902501684,0.2253767110594799,0.4395064576217751,0.1528226347968033,0.5039526499429827,-0.0607641013953718,-2.129121205174073,0.3126155308199531,0.1060296592525376,0.0632426465250103,0.0862544077954061,0.0856979829027167,0.2130437327950433,0.4025903093283024,0.7383903556854619,0.7347008541289255,1.0061759472950509,0.2968516552159089,0.4053921055627969,0.780503234252643,1.657016592872028,1.6143262237854847,0.6709748680996812,0.8623883215263752,0.5697425722050624,1.111233955640181,0.3993116396836327,0,1,0
D1_1257_1,D1,1256.9999999999998,1.0,0.5317110600542118,0.6884466500654246,0.3749754700429987,Tolerant,2.0,0.045922202221122,0.2003451968015536,0.1694065921302808,0.1655159802651372,0.1372381020679008,0.2215398220368569,0.2820096804873579,0.3351378490195171,0.2872195405925118,0.3133040598481626,0.2865146989569284,0.307022813662048,0.3890321800043471,0.1879256770841802,0.557507885325816,0.0842484214905292,-5.103019105509878,0.2183038711462205,0.0447518488093787,0.0738997012740384,0.0954471192431887,0.1062846405165679,0.2501612300540589,0.4253490709960573,0.696462258985239,0.774249071794751,0.8995538799933943,0.2955279011101732,0.3816932396451257,0.8084737650418004,1.9273494571278011,1.7494203745963666,0.7233006023052627,0.8563746397078401,0.5367901992569424,1.1799720589351674,0.3631621730370368,0,0,1
RD2_1228_1,RD2,1228.0,1.559015212120619,0.4714456240612147,0.6667832035422664,0.2761080445801631,Intermediate,4.0,0.037961317980917,0.1452582814617173,0.1287925049136009,0.1205964344993845,0.0978370617108389,0.1394108472301807,0.1714956488886436,0.1885999483283978,0.1872010201799475,0.2270599316211076,0.2147807686958371,0.3058888131841806,0.3975347515029618,0.1586504998542125,0.5437286405997637,0.0696686383238724,-3.155172505510188,0.2123630479771233,0.0216014616773482,0.0807247698293489,0.0982635065194915,0.1006355095311189,0.2813235188263576,0.3583821137150727,0.8018127389221259,0.8215005554544437,0.9764737438299104,0.2866573011900426,0.3500417710742439,0.7931698547827358,0.9143110699841248,2.0792099420151144,0.7002155569434036,0.8450883241099298,0.645943623056965,1.4922789011210265,0.9176944566802044,0,0,1
CK1_1210_2,CK1,1210.0,2.989768833631297,0.3561671112879607,0.3130108635819076,0.3993233589940138,Intermediate,7.0,0.0482299259958804,0.1828173443571954,0.1841570214611658,0.1702165942789416,0.1285341205241115,0.2115610272973355,0.3481775451852326,0.3399394129450434,0.3074236445901498,0.3617410604264349,0.3296305612212249,0.359920808969921,0.4755504397088603,0.2368424750664608,0.5892628221703141,-0.0037446328300378,-5.282600989064591,0.3285739651851752,0.0464065512784799,0.0754518077361575,0.118771494706827,0.1035786627432918,0.3039579107129727,0.3408166743553225,0.7285886312360825,0.6353848053920145,1.147009304115486,0.2482260376743479,0.390708690850792,0.8083995391142532,1.2783739675696724,2.1139408924348984,0.7401276440559029,0.857222863599906,0.5871947063230747,1.468785912771539,0.6350569033536311,0,0,1
RD2_1110_2,RD2,1110.0,1.2034753135516238,0.22321650706773,0.3435036429518976,0.1029293711835625,Sensitive,11.0,0.0371913420955495,0.1580435440565237,0.1064236530818961,0.1139412301412761,0.0626684141135311,0.1324170539156879,0.2082970067171531,0.2187023100722082,0.1855172493446593,0.2305413827834029,0.1914923463784318,0.3262643573237208,0.5587755678001527,0.1822348419025005,0.5549143678471364,0.2019512144970884,-2.979478610934549,0.175031534775899,0.1017805242760002,0.0562579521729917,0.0717425973519308,0.0596216642161088,0.2160136198970076,0.2713207881984428,0.9800516318663932,0.7961879511247495,1.2254755678213385,0.2625599340042559,0.3304607003431556,0.8059333595120857,2.943576848177273,1.3877033431315156,0.6803964954589505,0.8098894904315944,0.4920832186118903,1.042386950587785,0.5641230183405419,1,0,0
D1_1274_1,D1,1274.0,2.8432308522098704,0.4106885222095553,0.5521848137280557,0.2691922306910548,Intermediate,6.0,0.0477268524880761,0.1790602371338701,0.1625682313786735,0.1327177128445178,0.0928461114714372,0.188882112198081,0.3017250123812989,0.3625727549940111,0.3502425347749921,0.387420165192006,0.3316763928946806,0.487616579499815,0.6112302611664495,0.3489826675189806,0.6520852605289897,0.0472077087356278,-5.227323228524605,0.3677034344951022,0.0759159850090517,0.0707836546571389,0.107774284370083,0.0764156897947935,0.3042584865075465,0.25116127132636,0.9287333848626868,0.6569733079554619,1.416973343325714,0.2326457462701024,0.3542183332693276,0.8254516180106025,2.870621073903461,1.2880143833777586,0.6690089816430993,0.8687108079977122,0.4762153671827879,0.942543944902574,0.2420450614675118,1,0,0
D1_1257_3,D1,1257.0,3.0,0.5317110600542118,0.6884466500654247,0.3749754700429988,Tolerant,2.0,0.048445227281498,0.1480766690184928,0.1526067983897954,0.1556664113514873,0.1476787011492828,0.1706238342663368,0.2018460370327783,0.2014520314590638,0.2538786599299639,0.2828719315224374,0.2813684514463886,0.2886746546456394,0.312520790328274,0.1710750046585724,0.5334789128283679,-0.015120119459207,-6.626350219633878,0.3116953238061435,0.002498907907125,0.0814949814422739,0.1035371312438137,0.1094690276957374,0.2931974353578132,0.3733680206913969,0.7492048220426903,0.7871086376640861,0.9518450488520545,0.2779534319988262,0.3531321856987808,0.8085632223752034,1.7059172308763433,1.8134072072242609,0.7464465306406624,0.8528428575947409,0.542713964609244,1.259416738485525,0.4955770995693643,0,0,1
CK1_12_2,CK1,12.0,1.000270595188601,0.2649762862421151,0.2427274916209154,0.2872250808633149,Sensitive,9.0,0.0431412575322461,0.1977620757037776,0.2011783206502428,0.1944775797510759,0.1187610960863292,0.1945852299256039,0.3160611278875631,0.3306519648381059,0.2899255793930805,0.3173249185533052,0.3084087597045818,0.240030702056125,0.455333299395203,0.1421454519730078,0.5357225394984712,-0.0085601666652556,-2.60578570861181,0.2321218423065204,0.0142489887012505,0.0656426183460212,0.1145097013835172,0.0916199932807515,0.2961562754370893,0.3093627887279809,0.7164727208669668,0.5732499566929599,1.2498421258244774,0.2216485165631447,0.386652630554631,0.7649293612532757,1.7301052593691568,1.2797115917764106,0.6194113167996284,0.8607765717349081,0.562342247437811,0.9441989206895368,0.3470818120196061,0,1,0
RD2_1210_3,RD2,1210.0,2.8232970738912235,0.3561671112879607,0.3130108635819076,0.3993233589940138,Intermediate,7.0,0.0465871281735144,0.1821620287535622,0.1826508567825305,0.1690540768886809,0.1256674316468816,0.2095151248790026,0.3416142609099811,0.3347201961572527,0.3080382689541674,0.3548117797655385,0.3293783748795304,0.3538535773435506,0.4777423084199171,0.229907004192915,0.5883563525267888,-0.0011440351926683,-5.081711121294706,0.3205151208818891,0.0362802539036132,0.075677975299984,0.1184924464863768,0.1029352438786452,0.304166800906077,0.3384654004228897,0.7358553151260997,0.6386774804376747,1.1517715362826129,0.2487938408711215,0.3895751601585352,0.8086487413679402,1.330270866040599,2.066728641516939,0.7349737376144363,0.858261568350725,0.5830991849262338,1.4358047560000555,0.6090450705867984,0,0,1
RD2_73_3,RD2,73.0,3.0,0.3276960420194899,0.339055735035649,0.3163363490033307,Intermediate,8.0,0.0397825534103059,0.1792948389843068,0.1901912393603157,0.1395895724664178,0.1130485904076136,0.1631746517920146,0.2510556864828785,0.26563512434049,0.257995784049948,0.3117319923286044,0.2684705268305582,0.3814185566387174,0.4677318360326202,0.232511743114774,0.6025624744555562,-0.0294906926449788,-5.199773553573632,0.2697146975924201,0.0745626984751548,0.0736124924765751,0.1230029792056154,0.0965255725802913,0.331546041146541,0.2911377623975727,0.7626216600692117,0.5984610526682951,1.2743045784666998,0.2220279638984924,0.3709981839721293,0.8083166666666667,1.2212627312339075,2.0356702772826303,0.8067959467221233,0.8618629828060012,0.5787238485064534,1.3085556449456288,0.3841737513733631,0,0,1
RD2_1219_1,RD2,1219.0,1.0,0.2370211071473494,0.3988462936126172,0.0751959206820815,Sensitive,10.0,0.0342895915761842,0.1587576186175501,0.1100204157712215,0.1017566715149987,0.0648475410845924,0.1122836763801857,0.1608316993067498,0.1472641026111264,0.1200605209140473,0.1637312043100738,0.19295016033169,0.2031836496787011,0.4016571269799081,0.1007422068313869,0.4686631036556501,0.1771406011257267,-2.6750802085181977,-0.0064556289115724,-0.0942999279695435,0.0620474822610897,0.0904588888254261,0.0790338387278687,0.2443619597472097,0.3405887980698646,0.7997273949687709,0.6860762810861565,1.1627379002124552,0.2611071175274805,0.3820318118956446,0.7551678567593609,1.5928508554069802,1.5878177193713512,0.7087821176959311,0.8225367204529395,0.5655036802001896,1.093505763161933,0.4151509867047521,0,0,1
RD2_1210_3,RD2,1210.0,2.676151709838749,0.3561671112879607,0.3130108635819076,0.3993233589940138,Intermediate,7.0,0.0451151352650995,0.1819346821091833,0.181337918730906,0.1679786525808948,0.1229355844642303,0.2076273498008806,0.335915288271074,0.3308498795812739,0.3093220959512058,0.3496412867862335,0.3295695881762781,0.3497015004990506,0.4811516602895607,0.2248883396603846,0.5883042018782235,0.0019742096299099,-4.8978587393634605,0.3137730829336627,0.0280363431352273,0.0759397755016932,0.1184782956455611,0.1023233642298756,0.3045735289868729,0.3360374805560304,0.743265750844307,0.6409662377473032,1.158958631556002,0.2493140847844545,0.3890160677482635,0.8089252690626849,1.3793093537726069,2.0222350222560794,0.7303004689749834,0.8591927532629037,0.5792266323094998,1.4047225269174328,0.5844435114962172,0,0,1
CK1_1219_1,CK1,1219.0,1.0,0.2370211071473493,0.3988462936126171,0.0751959206820815,Sensitive,10.0,0.0404792851213155,0.1713433942883819,0.1319779568135995,0.1309287204053784,0.0815941787865588,0.1550025850279917,0.2391631675955762,0.2564724615489353,0.24336140137197,0.269113982283278,0.2725036217813243,0.3551651647223199,0.538138882138238,0.1954696633554675,0.5726915114715969,0.1456884787823847,-3.5163064475142383,0.1948334487069015,-0.0183284828624702,0.0630794644996108,0.0879940882369416,0.0733598057420809,0.265960942617981,0.2841037933310876,0.8669471606152179,0.7175721671333137,1.2134151273323732,0.2413866229149175,0.3350678763620757,0.8154913949798017,2.3717023123464505,1.4383445076737793,0.6921375951872109,0.8351211125413539,0.5040929595350285,1.0210417552956248,0.2923812386527668,1,0,0
CK1_1219_3,CK1,1219.0,2.999966905749356,0.2370211071473494,0.3988462936126172,0.0751959206820815,Sensitive,10.0,0.0495979862836164,0.1986826825107485,0.166451170854468,0.1320044129881476,0.0721486526763054,0.1570498114988268,0.2731409624503169,0.3110859620552898,0.334479704935078,0.3353488960082401,0.3154269702235957,0.4350942502829761,0.645890048704699,0.2895998006897545,0.6114215403900645,0.0882731970463054,-3.357936237291769,0.2559112306874277,0.0306113894167547,0.0696220535161335,0.0999458024997672,0.0719056432861917,0.2870258724013552,0.2505208909833188,0.968244050166106,0.6965980950797988,1.3899609865296685,0.2425640791445757,0.3482123425475886,0.8121175254888552,2.697750481063005,1.2911727962629838,0.6640631532870002,0.8435675400234321,0.479563380125571,0.9521567752547968,0.2624592935767671,1,0,0
D1_1257_2,D1,1257.0,2.120782573413701,0.5317110600542118,0.6884466500654247,0.3749754700429988,Tolerant,2.0,0.036328297400799,0.1561346049263067,0.1389435649683578,0.1334904637166652,0.1063334912566422,0.1683484408326576,0.3313198634428783,0.3904762849299241,0.4350470328601243,0.4266832307837976,0.4098577661253829,0.5239903707744187,0.6022767685180992,0.3755205427846794,0.6971334945881621,0.0597850797588465,-8.535473161049598,0.4644423291409666,0.0201242290480223,0.0761987932444044,0.1021004794707094,0.0732060552769273,0.3040522183062679,0.2406056776431944,1.044878151671255,0.7467866427262222,1.3981035933997703,0.250609031277876,0.3357150514998171,0.8193305555555553,2.8515196058266152,1.5865763901723189,0.6658686718976844,0.8691637865302895,0.5089271315043853,1.1106992588573872,0.2595049565467562,0,1,0
CK1_1228_3,CK1,1228.0,1.8600642515843504,0.4714456240612147,0.6667832035422664,0.2761080445801631,Intermediate,4.0,0.0384137963544321,0.1509764519268021,0.1008057771995622,0.0963429244218628,0.0642698064722449,0.1146791504593117,0.2015939387622263,0.198791811108341,0.2020872063969848,0.2385016087172486,0.2294750921549623,0.4259548987355501,0.5773863168199552,0.2324212228734518,0.5985582097217387,0.2023994202041702,-4.285619291161568,0.2232204494430924,0.0190739065631861,0.0605485691298164,0.0807497444235864,0.0752438701881069,0.2267651536582187,0.3363417099842484,0.8062072342780351,0.75248826133185,1.0722835923112344,0.2720625869383685,0.3601221283957126,0.8286593712690289,3.363107939716896,1.284647596227513,0.7053598123507254,0.8599146670787822,0.4411803941575258,0.9362072691565844,0.2358402788778412,1,0,0
RD2_1219_2,RD2,1219.0,2.0,0.2370211071473493,0.3988462936126171,0.0751959206820815,Sensitive,10.0,0.0425854781158224,0.1626729857437659,0.1337740393491196,0.1408999673444443,0.0901299998457028,0.1463715078602296,0.1789697294986153,0.2040265626046637,0.1746590591466247,0.1708692687899507,0.1886727506227221,0.0961265511872848,0.309346724745128,0.0441535892290896,0.411470330503301,0.0974843528142778,-1.7498480736687356,0.0245734473888038,-0.0495171102863092,0.0661815996492811,0.0936066513076558,0.0914259787077534,0.2234226752400236,0.4092063554812134,0.7238817731275806,0.7070181301653564,1.0238517818276556,0.2962170225048124,0.4189666566528992,0.7183854797041997,1.3741610132346636,1.591490555555556,0.6730113644232467,0.8124028819444444,0.6025242078434756,1.0642731891750623,0.4776220365367633,0,0,1
D1_12_1,D1,12.0,1.6076101908619365,0.2649762862421151,0.2427274916209154,0.2872250808633149,Sensitive,9.0,0.0404042796986368,0.1905097632892313,0.1754617619589714,0.1691451432719949,0.1037512638004907,0.1783135658367524,0.2940685493986892,0.3165439809923015,0.2841673453998075,0.3141089165591108,0.3046172192629511,0.3093681268946339,0.508761707089684,0.1854945329339711,0.5711823435466682,0.0540550240376755,-3.0830371872610423,0.2455763395418307,0.0153699376107304,0.0660016921694088,0.1129836438576405,0.087584470265616,0.2931186478180655,0.2985444215725498,0.7579679082741982,0.584520107478295,1.2947484872237804,0.2252563806829209,0.3854242814127525,0.7854010769918442,2.2711895749512445,1.2495786545485617,0.6227103246512998,0.858348102113488,0.5324407151218986,0.9253823251804452,0.3059832226007648,0,1,0
RD2_12_1,RD2,12.0,2.9977397164901016,0.2649762862421151,0.2427274916209154,0.2872250808633149,Sensitive,9.0,0.0341563530576434,0.173917220107984,0.1165906523902228,0.1111673858239775,0.0694104601884345,0.1411027207890961,0.2436888180098082,0.284224951708161,0.2710613594870079,0.3067574462191662,0.2959153188959492,0.4680664071596748,0.6310135224349149,0.2847227282182212,0.6523119457786268,0.1974034322857889,-4.174742157658011,0.2763693247734577,0.0179903050284217,0.0668284465441755,0.1094880376757903,0.0783451262501437,0.2861587608264256,0.2737796538922691,0.8530247960877303,0.6103711199523458,1.3975548393421275,0.2335356744989245,0.3826123220973318,0.8323149909688639,3.509667009008939,1.1814640424364142,0.6303596631501271,0.8527702782597629,0.4640316599320149,0.8827336678904006,0.2120070327407343,1,0,0
RD2_1235_1,RD2,1235.0,1.4759903082908177,0.1730928483356376,0.2353341300842579,0.1108515665870173,Sensitive,13.0,0.02994054898995,0.134366049136556,0.1039987541417378,0.1091815850476295,0.0606268854160011,0.1092815850476296,0.1226341554686291,0.1271368368609237,0.1560879380584133,0.1904741797787303,0.1823252493955862,0.2578461162521944,0.5025120641921533,0.1227482885436331,0.5260318726038418,0.1303313035190648,-1.2044648450615454,0.1573597740879113,0.0170428493765599,0.0660114008658863,0.0897861932264401,0.0881251394092536,0.1908561584371104,0.4649135919817292,0.749887473191283,0.735115862069053,1.019882344628545,0.3468695503951472,0.4719430608669376,0.7760166602462166,1.3677282934997923,1.5502943869136216,0.6614506926744055,0.8494220754256596,0.6034283176689132,1.0977861228458443,0.4731269655134026,0,0,1
