{
  "\u539f\u59cb\u6807\u7b7e": {
    "R2": 0.7460525047328103,
    "RMSE": 0.06631722974749986,
    "MAE": 0.05092043608727382,
    "Spearman": 0.8076923076923077
  },
  "\u90e8\u5206\u4fee\u6b63(3\u54c1\u79cd)": {
    "R2": 0.781172729957587,
    "RMSE": 0.054579001691362594,
    "MAE": 0.04272967226186804,
    "Spearman": 0.9395604395604396
  },
  "\u5168\u90e8\u4fee\u6b63(7\u54c1\u79cd)": {
    "R2": 0.6397195035442121,
    "RMSE": 0.08157861188289871,
    "MAE": 0.05000662310253418,
    "Spearman": 0.9780219780219779
  }
}