{
  "original": {
    "R2": 0.7460525047328103,
    "RMSE": 0.06631722974749986,
    "Spearman": 0.8076923076923077
  },
  "order_preserved": {
    "R2": 0.8218255644099094,
    "RMSE": 0.044328698467778836,
    "Spearman": 0.8571428571428571
  },
  "improvement": 0.07577305967709913
}