Variety,Treatment,Replicate,t for Fm,Area,Fo,Fm,Fv,F1,F2,F3,F4,F5,Fo/Fm,Fv/Fm,PI Inst.,Fv/Fo,Vj,Vi,dVG/dto,dV/dto,Sm,N,Sm/t(Fm),ABS/RC,DIo/RC,TRo/RC,ETo/RC,REo/RC,phi(Po),psi(Eo),phi(Eo),delta(Ro),phi(Ro),ABS/CSo,DIo/CSo,TRo/CSo,ETo/CSo,REo/CSo,ABS/CSm,DIo/CSm,TRo/CSm,ETo/CSm,REo/CSm,gamma(RC)/((1-gamma(RC)),phi(Po)/((1-phi(Po)),psi(Eo)/(1-psi(Eo)),PI abs,dRo/(1-dRo),PI total,DF abs,DF Total,kP / ABS * kF,kN / ABS * kF,Origin to F1,F1 to F3,F1 to F4,F1 to F5,F3 to F4,F4 to F5,F5 to Fm
12,CK1,1,162.8125,255671.22222222222,4315.416666666667,25849.97142857143,21457.82857142857,4986.571428571428,5622.294117647059,8194.941176470587,14491.411764705883,22840.114285714284,0.16977777777777775,0.8302499999999998,3.3268055555555556,4.900361111111112,0.45111875,0.8592882352941177,0.2522416666666667,0.5704833333333332,11.970902857142857,14.70204857142857,0.07140277777777779,1.4831750000000001,0.2518944444444444,1.231286111111111,0.6608083333333333,0.1748,0.8302222222222222,0.5488812500000001,0.4540818181818182,0.2610235294117647,0.11688529411764707,4315.416666666667,747.5135314285715,3581.4481130555555,1933.2442,502.7099638888889,25849.97142857143,4315.416666666667,21457.82857142857,11408.361111111111,2970.3333333333335,0.6791027777777778,4.900361111111112,1.204155882352941,3.9920833333333334,0.3544794117647059,1.4214361111111111,0.5878805555555555,0.1340888888888889,0.00019999999999999996,0.0,844.1428571428571,4761.361111111111,26991.027777777777,175381.75,22229.75,148390.77777777778,79459.44444444444
12,CK1,2,164.0,306575.94444444444,4808.970588235294,29690.1935483871,24748.387096774193,5419.294117647059,5979.5,8591.676470588236,15455.5,25610.09375,0.16708888888888887,0.8328888888888888,3.54999375,4.992027777777778,0.4483764705882353,0.8476771428571429,0.23995277777777776,0.5416916666666667,12.799438235294119,15.351088571428571,0.08,1.4406416666666666,0.23689117647058822,1.2000805555555554,0.6583833333333333,0.1859714285714286,0.8329111111111112,0.5516235294117647,0.4597,0.28107142857142864,0.12692571428571425,4808.970588235294,785.950156111111,4005.090198823529,2254.330063939394,583.7252088235294,29690.1935483871,4808.970588235294,24748.387096774193,13880.290322580646,3500.470588235294,0.7030500000000001,4.992027777777778,1.2198562499999999,4.2599687500000005,0.39284857142857144,1.5979151515151515,0.6403862068965518,0.20637714285714287,0.00019999999999999993,0.0,975.6129032258065,5586.0,32639.774193548386,214843.41379310345,26994.290322580644,180790.0,99154.16666666667
12,CK1,3,165.0,302472.1176470588,4905.212121212121,29423.77142857143,24520.6,5492.935483870968,6026.466666666666,8682.290322580646,15855.806451612903,25813.942857142858,0.16583823529411768,0.8341176470588235,3.4495857142857145,5.012999999999999,0.4592735294117647,0.8532735294117648,0.23948333333333338,0.5506,12.12280303030303,14.371418181818182,0.07808333333333334,1.417563888888889,0.2360638888888889,1.1814972222222222,0.6278828571428571,0.17816129032258063,0.8341617647058823,0.5407264705882353,0.4511,0.27276666666666666,0.1223529411764706,4905.212121212121,806.4343181818183,4107.051094411764,2174.067972352941,592.2811333333334,29423.77142857143,4905.212121212121,24520.6,13141.942857142858,3525.3142857142857,0.709338888888889,5.012999999999999,1.1684416666666666,4.139457142857143,0.37323428571428574,1.5738142857142858,0.6191457142857143,0.20457187500000001,0.0002,0.0,965.5142857142857,5559.0,31152.764705882353,205020.13888888888,25612.470588235294,174036.80555555556,96781.11111111111
12,D1,1,173.8235294117647,141205.88888888888,2809.0555555555557,15249.333333333334,12440.277777777777,3346.75,3823.1944444444443,5967.75,9705.055555555555,13718.055555555555,0.18206875,0.8178749999999999,1.6521000000000001,4.48239393939394,0.5635166666666667,0.8774514285714285,0.4042694444444444,0.8871388888888888,11.128229411764703,16.64022058823529,0.065471875,1.9008416666666663,0.3385470588235294,1.5399750000000003,0.6528852941176472,0.1793714285714286,0.81793125,0.43648333333333333,0.3595628571428571,0.27697857142857146,0.09978571428571428,2809.0555555555557,520.1010916666668,2288.9544622222224,1015.9922894444446,280.94338611111107,15249.333333333334,2809.0555555555557,12440.277777777777,5544.277777777777,1531.2777777777778,0.54438,4.48239393939394,0.7934166666666668,1.9825714285714287,0.38341428571428565,0.7870833333333334,0.28000571428571425,-0.1566722222222222,0.0003166666666666667,9.999999999999999e-05,483.9166666666667,2648.277777777778,13616.333333333334,83084.22222222222,10967.916666666666,69467.91666666667,57637.916666666664
12,D1,2,161.61290322580646,133213.33333333334,2767.3333333333335,14821.666666666666,12054.333333333334,3276.6666666666665,3731.3055555555557,5728.416666666667,9304.777777777777,13328.0,0.18532058823529413,0.8147058823529412,1.8216527777777776,4.384628571428571,0.5547,0.8743833333333334,0.3879885714285714,0.8519742857142858,10.941805714285714,16.165726470588233,0.06514571428571428,1.855662857142857,0.33927647058823535,1.5089685714285714,0.6591944444444445,0.17010714285714285,0.8146794117647059,0.4453,0.3669771428571429,0.2767057142857143,0.10149999999999999,2767.3333333333335,520.6633527777777,2246.669973333333,1023.9976899999997,279.0883777777778,14821.666666666666,2767.3333333333335,12054.333333333334,5516.888888888889,1493.6666666666667,0.5627916666666666,4.384628571428571,0.8300805555555556,2.185916666666667,0.3853485714285715,0.8414722222222222,0.29915714285714284,-0.13449444444444447,0.00031562500000000004,7.647058823529411e-05,469.1666666666667,2577.8055555555557,13528.194444444445,82284.86111111111,10950.361111111111,68756.63888888889,50459.305555555555
12,D1,3,146.06060606060606,113031.75,2841.4444444444443,15144.305555555555,12302.861111111111,3456.3055555555557,4018.277777777778,6451.685714285714,9767.666666666666,13886.138888888889,0.18155517241379313,0.8184827586206895,1.4263805555555558,4.4938666666666665,0.5764529411764706,0.8987805555555557,0.455146875,0.9931121212121212,9.248458333333334,14.449673333333331,0.06194444444444444,2.0931878787878793,0.36935806451612907,1.7964416666666665,0.6965142857142858,0.1643125,0.8184448275862068,0.4235470588235294,0.3495121212121212,0.23261612903225803,0.08096666666666666,2841.4444444444443,544.4235,2297.020951388889,990.0635255555558,234.2934472222222,15144.305555555555,2841.4444444444443,12302.861111111111,5376.638888888889,1258.1666666666667,0.4828138888888889,4.4938666666666665,0.7458571428571429,1.7116111111111112,0.30395161290322587,0.5306527777777776,0.2278875,-0.35398888888888885,0.00027096774193548386,9.999999999999999e-05,476.30555555555554,2552.3611111111113,13047.527777777777,73922.16666666667,10495.25,60874.63888888889,38986.666666666664
12,RD2,1,194.0,162561.25806451612,3032.5806451612902,13857.41935483871,10824.838709677419,3700.032258064516,4340.0,6692.225806451613,9138.451612903225,11820.483870967742,0.22168148148148148,0.7782222222222223,0.9562333333333335,3.3805161290322574,0.618790322580645,0.819844827586207,0.7896387096774194,1.3581548387096776,14.289833333333332,29.335319354838713,0.07644666666666668,2.8684096774193546,0.6927379310344827,2.0870193548387097,0.7288548387096773,0.3570740740740741,0.7783185185185185,0.3812096774193548,0.29851612903225805,0.44130400000000003,0.14058064516129032,3032.5806451612902,703.9856129032258,2328.595040645161,965.5792409677418,433.0805,13857.41935483871,3032.5806451612902,10824.838709677419,4718.967741935484,2036.9354838709678,0.384474193548387,3.3805161290322574,0.7124322580645163,1.1475666666666666,0.7111695652173912,0.8582499999999998,-0.18406774193548384,-0.019444,0.0002655172413793103,6.8e-05,416.4193548387097,2142.2580645161293,10800.0,92004.29032258065,8657.58064516129,81204.41935483871,70140.64516129032
12,RD2,2,171.0344827586207,116704.64516129032,2705.6451612903224,11296.290322580646,8590.645161290322,3357.451612903226,4001.8709677419356,6124.709677419355,7952.0,9749.483870967742,0.2471392857142857,0.7528214285714288,0.7050322580645162,3.093645161290323,0.657441935483871,0.8204586206896554,0.9870387096774195,1.552722580645161,13.600439285714288,29.531753333333338,0.07892903225806452,3.3118999999999996,0.7387481481481483,2.275454838709677,0.7227225806451613,0.40020000000000006,0.7528607142857142,0.3425580645161291,0.2599709677419355,0.5752896551724136,0.12864666666666666,2705.6451612903224,662.7580989655173,1982.9698874193548,725.2123180645161,329.1888413793103,11296.290322580646,2705.6451612903224,8590.645161290322,3344.2903225806454,1546.8064516129032,0.3423064516129032,3.093645161290323,0.578058064516129,0.8461612903225808,0.728457894736842,0.698737037037037,-0.3574451612903225,-0.08812083333333333,0.00030645161290322585,9.999999999999999e-05,327.7096774193548,1604.8064516129032,7717.612903225807,67783.90322580645,6112.8387096774195,60066.096774193546,46592.5
12,RD2,3,148.75,113013.125,2841.0,12300.6875,9381.375,3548.3870967741937,4339.96875,6772.25,9002.46875,10632.625,0.21665769230769227,0.7832307692307692,0.63810625,3.6724230769230766,0.677925,0.8208031250000001,1.0032468749999999,1.585728125,12.846706896551723,28.102025,0.08382903225806451,2.8814571428571427,0.5905,2.2618687499999997,0.6761375000000001,0.4024375,0.7833423076923076,0.322075,0.2430125,0.62625625,0.13025,2841.0,614.6575469230769,2135.2800753125002,716.6909087500001,367.1162612903226,12300.6875,2841.0,9381.375,3298.21875,1668.0625,0.35544687499999994,3.6724230769230766,0.5093624999999999,0.76571875,1.1945666666666668,0.8419099999999999,-0.371428125,-0.09591785714285715,0.0002482758620689654,0.000121875,357.1875,1742.125,7909.53125,69982.8125,6167.625,62073.375,42672.8125
73,CK1,1,196.7741935483871,196885.30555555556,2828.5833333333335,16713.86111111111,13885.277777777777,3213.222222222222,3562.4444444444443,5190.055555555556,9095.472222222223,14431.361111111111,0.17073888888888888,0.8291944444444443,3.5402875,4.863388888888889,0.44070937499999996,0.8341542857142857,0.23247812499999998,0.528765625,14.011421212121212,17.278006666666666,0.0684361111111111,1.4551969696969695,0.24455312499999998,1.2198147058823527,0.6800972222222222,0.2068333333333333,0.8292611111111111,0.559290625,0.46226666666666666,0.2992735294117647,0.13759999999999997,2828.5833333333335,479.08305277777777,2349.5002788888887,1288.3486975000003,385.75415555555554,16713.86111111111,2828.5833333333335,13885.277777777777,7618.388888888889,2282.5,0.6879970588235294,4.863388888888889,1.253271875,4.248374999999999,0.42961176470588236,1.7407676470588236,0.63578125,0.25036969696969696,0.0003588235294117647,6.571428571428571e-05,546.25,3134.9444444444443,17783.166666666668,124371.08333333333,14648.194444444445,106587.97222222222,71968.05555555556
73,CK1,2,148.0,247595.77777777778,3545.722222222222,21051.694444444445,17505.972222222223,4054.5833333333335,4515.472222222223,6659.861111111111,11549.916666666666,17973.083333333332,0.16815833333333333,0.8319166666666665,3.1535823529411764,4.951527777777779,0.4572823529411765,0.8248114285714286,0.2509225806451613,0.5648633333333334,13.474815625000002,17.323956250000002,0.08816764705882353,1.494516129032258,0.25029677419354845,1.25226875,0.6938342857142858,0.2251212121212121,0.8318416666666666,0.5427176470588235,0.45141176470588235,0.3228285714285714,0.14574,3545.722222222222,597.6570500000001,2948.0651747222223,1598.8490688888887,517.0883777777777,21051.694444444445,3545.722222222222,17505.972222222223,9501.777777777777,3078.6111111111113,0.6614266666666666,4.951527777777779,1.185028571428571,3.7842647058823538,0.4739794117647058,1.8258176470588234,0.593653125,0.2503485714285714,0.0002266666666666666,3.88888888888889e-05,687.9166666666666,3930.972222222222,22112.38888888889,164037.55555555556,18181.38888888889,141925.22222222222,78264.26470588235
73,CK1,3,147.94117647058823,224172.08333333334,4004.705882352941,22749.371428571427,19108.647058823528,4678.588235294118,5290.911764705882,8092.558823529412,13510.911764705883,20284.882352941175,0.1737,0.8262777777777779,2.3728750000000005,4.768694444444445,0.4999166666666667,0.8535972222222223,0.3180257142857143,0.7189777777777777,12.158160606060607,17.065917142857142,0.08138055555555555,1.7350527777777776,0.2960441176470589,1.4334694444444445,0.7144777777777778,0.20902777777777773,0.8263,0.5000833333333333,0.41341666666666665,0.2903527777777778,0.12112500000000002,4004.705882352941,695.1526882352942,3309.5531914705884,1604.9638683333333,471.5771833333334,22749.371428571427,4004.705882352941,19108.647058823528,9285.416666666666,2736.1388888888887,0.5831722222222223,4.768694444444445,1.011097222222222,2.8474444444444442,0.4130888888888889,1.2080666666666664,0.4410611111111112,0.06299428571428571,0.00019999999999999996,2.777777777777778e-05,747.6764705882352,4122.371428571429,21859.277777777777,151672.61111111112,17808.416666666668,129813.36111111111,70857.72727272728
73,D1,1,160.32258064516128,128325.47222222222,2519.472222222222,13420.416666666666,10900.944444444445,2972.472222222222,3380.4166666666665,5237.416666666667,8581.055555555555,11810.694444444445,0.18126451612903227,0.818774193548387,1.9925916666666668,4.47460606060606,0.5207774193548387,0.8527888888888889,0.325728125,0.7447636363636364,12.043144444444444,16.910436111111114,0.07157428571428572,1.7149617647058824,0.30828124999999995,1.4256527777777777,0.64671875,0.19693939393939397,0.8187354838709676,0.4792225806451614,0.3927516129032258,0.29473225806451603,0.11921666666666668,2519.472222222222,445.27783342857145,2037.0603863888891,874.7252586111111,301.3556444444445,13420.416666666666,2519.472222222222,10900.944444444445,4839.361111111111,1609.7222222222222,0.588,4.47460606060606,0.8895382352941177,2.391138888888889,0.4219096774193548,1.1389030303030303,0.3834375,0.02665294117647058,0.0004999999999999999,0.00010857142857142856,424.47222222222223,2331.3611111111113,11886.222222222223,81575.72222222222,9554.944444444445,69689.63888888889,46325.13888888889
73,D1,2,156.36363636363637,125549.54285714286,2694.0,14313.555555555555,11619.555555555555,3193.3888888888887,3645.527777777778,5658.888888888889,9023.361111111111,12711.583333333334,0.18608275862068965,0.8138275862068967,1.724357575757576,4.311285714285714,0.5307969696969698,0.8623085714285713,0.33813333333333334,0.785185294117647,11.389682857142857,16.60072121212121,0.07215555555555556,1.799529411764706,0.3368333333333333,1.4742878787878788,0.6838606060606061,0.20388571428571428,0.8139172413793103,0.4692030303030303,0.3821333333333333,0.29228125000000005,0.11157428571428572,2694.0,513.6851,2180.3148969444446,975.3098852777779,299.73136944444445,14313.555555555555,2694.0,11619.555555555555,5290.194444444444,1534.7142857142858,0.5517735294117647,4.311285714285714,0.8844735294117648,2.0692121212121215,0.41671250000000004,0.8618,0.33422121212121214,-0.05060882352941177,0.00032727272727272726,9.999999999999998e-05,452.1388888888889,2472.5,12724.666666666666,76065.61764705883,10252.194444444445,64267.205882352944,46274.444444444445
73,D1,3,164.54545454545453,143581.85294117648,3265.0833333333335,17060.333333333332,13795.25,3791.342857142857,4346.5142857142855,6747.2,10851.416666666666,15179.694444444445,0.1882375,0.81184375,1.6052285714285712,4.33640625,0.53613125,0.8731545454545454,0.3532758620689655,0.7927310344827586,10.167366666666666,16.100540625,0.06361428571428572,1.877609375,0.35987575757575757,1.4971741935483873,0.7209515151515152,0.2067058823529412,0.8117625,0.46386875,0.376909375,0.280090625,0.1021060606060606,3265.0833333333335,604.8415714285713,2630.1777163888887,1152.6120025,339.7706685714286,17060.333333333332,3265.0833333333335,13795.25,6208.916666666667,1764.1714285714286,0.5210676470588236,4.33640625,0.8779937499999999,1.9263142857142859,0.39323125,0.8275588235294119,0.291925,-0.10635000000000001,0.0002676470588235294,6.666666666666667e-05,535.5555555555555,2898.277777777778,14905.277777777777,95126.45714285714,12006.972222222223,80441.31428571428,43919.84848484849
73,RD2,1,139.28571428571428,119612.18181818182,2893.878787878788,13667.60606060606,10773.727272727272,3662.3636363636365,4381.060606060606,7071.272727272727,9607.151515151516,12049.39393939394,0.21589687500000002,0.78403125,0.7910484848484849,3.6911562499999997,0.634265625,0.8509454545454546,0.7567848484848485,1.395418181818182,11.103248484848486,21.77426206896552,0.076946875,2.7416242424242423,0.597675,2.1188939393939394,0.7397499999999999,0.301774193548387,0.784103125,0.365734375,0.2811272727272727,0.41569032258064514,0.11651818181818181,2893.878787878788,638.1615999999999,2270.1085424242424,835.1915863636364,339.02560909090903,13667.60606060606,2893.878787878788,10773.727272727272,4060.4545454545455,1618.2121212121212,0.38656060606060605,3.6911562499999997,0.5836242424242425,0.9492121212121212,0.6989724137931034,0.6241818181818182,-0.1021,-0.23673750000000002,0.000303125,9.999999999999999e-05,411.1212121212121,2048.3636363636365,9630.454545454546,74586.27272727272,7581.969696969697,64955.969696969696,41325.48387096774
73,RD2,2,143.4375,92273.96774193548,2629.060606060606,11007.90625,8453.25,3298.2727272727275,3964.0,6106.848484848485,7953.363636363636,9756.3125,0.2248821428571429,0.775107142857143,0.7056272727272728,3.2357272727272726,0.6328333333333332,0.8472333333333334,0.9962242424242423,1.522318181818182,11.419203030303029,26.35153939393939,0.07937878787878788,3.288875757575758,0.7377793103448276,2.341345454545454,0.81329,0.3587575757575757,0.7751178571428572,0.3671666666666667,0.2785969696969697,0.427678125,0.11268181818181819,2629.060606060606,625.822413125,1911.7380065625,664.6224763333333,256.5495482758621,11007.90625,2629.060606060606,8453.25,3307.3125,1197.032258064516,0.34114545454545453,3.2357272727272726,0.6062484848484848,0.8467575757575758,0.7975322580645162,0.5243272727272728,-0.25844242424242425,-0.3551484848484848,0.00031875,9.999999999999999e-05,322.34375,1567.15625,7601.46875,55731.93548387097,6034.28125,48496.22580645161,35984.51612903226
73,RD2,3,132.1875,163071.37142857144,3910.714285714286,19550.617647058825,15216.485714285714,5066.058823529412,6266.375,10074.03125,13252.5,17301.676470588234,0.2035909090909091,0.7965151515151516,0.87132,3.9423333333333335,0.6098457142857142,0.8589057142857144,0.7108676470588237,1.3392400000000002,10.539725714285712,21.7231,0.07893714285714289,2.7501828571428573,0.5494333333333333,2.160625714285714,0.8248352941176471,0.28915625,0.796409090909091,0.3901542857142857,0.3098228571428572,0.3567242424242424,0.11171714285714285,3910.714285714286,809.2058417142857,3164.091123235294,1238.043328,445.3520771428571,19550.617647058825,3910.714285714286,15216.485714285714,6146.142857142857,2199.342857142857,0.3788514285714285,3.9423333333333335,0.6559399999999999,1.0455714285714284,0.5624,0.5843371428571428,-0.04691142857142857,-0.2895628571428572,0.00019999999999999996,5.9999999999999995e-05,581.5714285714286,2913.457142857143,14219.0,105641.94285714286,11305.57142857143,91422.82857142857,55787.94117647059
1099,CK1,1,245.15151515151516,204462.97222222222,3640.6944444444443,19379.277777777777,15738.583333333334,4213.75,4735.111111111111,7067.083333333333,11750.5,17576.472222222223,0.17678709677419352,0.8231612903225806,2.7723999999999993,4.667032258064517,0.4766533333333333,0.8851617647058824,0.27121333333333325,0.6108129032258064,13.124394285714287,16.82409677419355,0.05283714285714286,1.5756718750000003,0.27548387096774196,1.3196117647058825,0.6610363636363638,0.15127272727272728,0.8232129032258062,0.5233466666666666,0.433025806451613,0.22842812499999998,0.09343823529411766,3640.6944444444443,664.5331851428572,2941.0596286111117,1385.7259400000003,333.815775,19379.277777777777,3640.6944444444443,15738.583333333334,7628.777777777777,1802.8055555555557,0.6241258064516128,4.667032258064517,1.1037866666666667,3.3268333333333335,0.2929935483870968,0.8386906249999999,0.5152333333333333,-0.018000000000000002,0.00026764705882352936,4.571428571428572e-05,615.3888888888889,3437.3888888888887,18472.777777777777,107606.41666666667,15035.444444444445,89133.63888888889,96240.97222222222
1099,CK1,2,204.41176470588235,237927.9393939394,4206.424242424242,23181.852941176472,19553.375,4709.457142857143,5339.882352941177,8278.448275862069,14117.935483870968,20740.470588235294,0.17479999999999998,0.8252333333333334,2.7323387096774194,4.707548387096773,0.47977000000000003,0.8817363636363637,0.274778125,0.61503125,11.997071875,15.808048484848483,0.06138,1.5414484848484848,0.27250625,1.2842470588235295,0.6568499999999999,0.15346875,0.8252,0.52023,0.4269827586206897,0.2303133333333333,0.09682121212121213,4206.424242424242,730.1243979411765,3441.840376969697,1740.265822121212,406.8567941176471,23181.852941176472,4206.424242424242,19553.375,10109.25,2261.235294117647,0.6488647058823529,4.707548387096773,1.0776172413793104,3.278806451612903,0.29665172413793106,0.9802258064516128,0.5239677419354839,-0.0006483870967741967,0.00019999999999999996,0.0,767.15625,4290.212121212121,23689.303030303032,137412.81818181818,19086.58823529412,114235.54545454546,93850.44117647059
1099,CK1,3,249.14285714285714,359638.5294117647,4813.545454545455,28315.266666666666,23482.966666666667,5362.333333333333,5908.78125,8269.714285714286,15062.82142857143,25654.483870967742,0.17141388888888892,0.8286111111111112,3.934861111111112,4.843694444444443,0.43588823529411763,0.8837485714285714,0.21919444444444444,0.48203428571428564,15.627366666666665,16.836120588235296,0.062266666666666665,1.3326000000000002,0.22826388888888882,1.1043527777777777,0.6159833333333332,0.12782857142857143,0.8285861111111111,0.5641117647058823,0.46764117647058817,0.21011666666666667,0.09631714285714285,4813.545454545455,808.1102448571429,3987.87585969697,2231.248772424243,445.37445142857143,28315.266666666666,4813.545454545455,23482.966666666667,13035.60606060606,2678.3030303030305,0.7565166666666667,4.843694444444443,1.3006705882352938,4.721861111111111,0.2676138888888889,1.2586138888888891,0.6729742857142856,0.08750833333333334,0.0002,0.0,926.3666666666667,5339.545454545455,31015.727272727272,177242.48387096773,25676.18181818182,145264.9,180414.85714285713
1099,D1,1,394.44444444444446,119221.74285714286,2449.527777777778,12370.694444444445,9921.166666666666,2848.527777777778,3197.8333333333335,4800.361111111111,7562.0,11162.722222222223,0.2000638888888889,0.7999444444444445,1.8093916666666665,4.019138888888889,0.5194416666666667,0.8709166666666666,0.33250303030303024,0.809536111111111,10.878713793103449,17.854346874999997,0.049675,1.9178916666666668,0.3878,1.5301055555555558,0.7205527777777777,0.18755882352941172,0.7999361111111112,0.48055833333333337,0.38503611111111113,0.2646742857142857,0.10333888888888888,2449.527777777778,486.81078333333323,1962.7169911111112,945.8897811111112,230.5421085714286,12370.694444444445,2449.527777777778,9921.166666666666,4808.694444444444,1167.3428571428572,0.5402833333333333,4.019138888888889,0.9464222222222224,2.1712499999999997,0.36602285714285715,0.7483970588235292,0.29323055555555555,-0.14701666666666668,0.0003515151515151515,0.0001,386.8333333333333,2137.9444444444443,11417.166666666666,68793.08333333333,9279.416666666666,57375.97222222222,47828.529411764706
1099,D1,2,176.7741935483871,109592.33333333333,2586.777777777778,12637.305555555555,10050.527777777777,2990.8333333333335,3357.527777777778,4928.055555555556,7734.472222222223,11481.25,0.211425,0.7885312499999999,1.6849694444444445,3.633914285714286,0.5576111111111111,0.8823757575757575,0.3524193548387097,0.8623666666666666,10.273546875000001,16.1662,0.058069444444444444,1.949484375,0.427971875,1.6473027777777778,0.6809406250000001,0.1896764705882353,0.788575,0.4423888888888889,0.34642222222222224,0.2515166666666667,0.09013939393939394,2586.777777777778,551.9757166666667,2034.8020625,968.6411947222223,235.01018888888888,12637.305555555555,2586.777777777778,10050.527777777777,4902.833333333333,1156.0555555555557,0.5175944444444444,3.633914285714286,0.8631916666666667,2.0220555555555553,0.34192999999999996,0.6018617647058825,0.14369428571428572,-0.24448857142857147,0.0003129032258064517,0.0001,392.02777777777777,2165.722222222222,11672.361111111111,68847.94444444444,9506.555555555555,57175.52777777778,36011.71428571428
1099,D1,3,184.24242424242425,135132.75,3265.3611111111113,15443.388888888889,12178.027777777777,3955.5588235294117,4446.705882352941,6505.205882352941,9682.277777777777,14003.833333333334,0.20955757575757575,0.7904848484848486,1.5318722222222219,3.7767058823529416,0.5349441176470587,0.881929411764706,0.3755909090909091,0.8528714285714286,10.840503030303031,17.409460000000003,0.06082941176470588,1.9499294117647055,0.4085939393939394,1.5471942857142855,0.6881400000000001,0.18155882352941177,0.7904424242424243,0.4650558823529412,0.37251515151515147,0.25240625,0.09230000000000001,3265.3611111111113,711.0980969444446,2554.263008888889,1186.181222222222,302.98955833333343,15443.388888888889,3265.3611111111113,12178.027777777777,5761.111111111111,1439.5555555555557,0.5173388888888888,3.7767058823529416,0.8765142857142857,1.8382222222222222,0.3334354838709677,0.6135250000000001,0.25106060606060604,-0.2595361111111111,0.0002484848484848485,7.058823529411764e-05,474.77777777777777,2610.25,13883.111111111111,81506.88888888889,11272.916666666666,67623.86111111111,53150.97222222222
1099,RD2,1,160.28571428571428,191600.97222222222,4331.566666666667,19652.514285714286,15635.542857142857,5377.4,6295.586206896552,10053.633333333333,14214.129032258064,17012.914285714287,0.19666785714285712,0.8033214285714286,1.063432258064516,4.088035714285715,0.573696551724138,0.8272107142857142,0.48817142857142853,1.0456357142857142,12.617427272727273,23.740122857142858,0.07593055555555556,2.307693103448276,0.44979642857142854,1.878925806451613,0.7506264705882353,0.32199999999999995,0.8033321428571428,0.426303448275862,0.34216896551724135,0.40831034482758616,0.14023928571428573,4331.566666666667,870.9917185714286,3392.901852580645,1227.8960977777779,534.25288,19652.514285714286,4331.566666666667,15635.542857142857,6119.472222222223,2577.3888888888887,0.4291580645161291,4.088035714285715,0.749203448275862,1.2760322580645165,0.6943793103448276,0.9108733333333334,0.13233928571428571,-0.03895862068965518,0.00019999999999999996,3.428571428571429e-05,586.5,3003.8055555555557,14377.944444444445,117168.52777777778,11374.111111111111,102790.63888888889,73845.97222222222
1099,RD2,2,111.25,153184.44444444444,4621.451612903225,19674.805555555555,15410.833333333334,5763.666666666667,6616.6,10566.733333333334,15069.645161290322,17434.972222222223,0.20317857142857143,0.7968214285714286,0.800675,3.8668333333333336,0.6054370370370371,0.8545166666666668,0.47394444444444445,1.074008,9.82742121212121,17.9064875,0.08647777777777779,2.237284,0.45479615384615385,1.7774280000000002,0.6819028571428571,0.26103125,0.7968214285714286,0.39456296296296295,0.3180615384615385,0.3824125,0.11359444444444443,4621.451612903225,943.474245,3497.9380918181814,1215.0156622222223,507.86625806451616,19674.805555555555,4621.451612903225,15410.833333333334,5789.0,2239.8333333333335,0.44838000000000006,3.8668333333333336,0.6169064516129031,0.96084375,0.585748275862069,0.59375,0.06756538461538461,-0.20535999999999996,0.00019999999999999998,4.4444444444444447e-05,591.4444444444445,3014.5555555555557,14008.611111111111,109314.11111111111,10993.972222222223,95305.58333333333,42261.857142857145
1099,RD2,3,112.90322580645162,142971.67647058822,4040.222222222222,19839.86111111111,15799.638888888889,4919.083333333333,5715.361111111111,9176.972222222223,13828.4,17712.527777777777,0.20111818181818178,0.7988181818181819,1.0165970588235296,3.9635882352941176,0.6056694444444443,0.8679057142857143,0.4650580645161291,1.0669714285714287,9.499334285714284,16.71986388888889,0.07771562500000001,2.142264516129033,0.42668125,1.72754375,0.6887685714285714,0.23274999999999998,0.7988818181818181,0.3943305555555555,0.3145027777777778,0.3415833333333334,0.10525999999999999,4040.222222222222,827.4912472222223,3212.730976388889,1223.9202957142857,428.2278833333333,19839.86111111111,4040.222222222222,15799.638888888889,6257.416666666667,1993.4705882352941,0.4633967741935484,3.9635882352941176,0.6771611111111111,1.2198823529411766,0.5226777777777778,0.6005484848484849,0.05578055555555555,-0.23065277777777776,0.00019999999999999998,3.888888888888889e-05,609.3333333333334,3193.027777777778,14747.114285714286,107196.8,12016.555555555555,92449.68571428572,38086.76470588235
1110,CK1,1,192.5,290870.8888888889,3896.4166666666665,22979.02857142857,19001.942857142858,4385.5,4935.114285714286,7232.882352941177,12599.171428571428,19305.0,0.17082121212121212,0.8296774193548386,3.634065714285714,4.856060606060607,0.43932424242424245,0.807142857142857,0.23212,0.5232382352941177,15.506685714285716,18.15057878787879,0.08080882352941175,1.4193911764705884,0.24348823529411767,1.1930166666666666,0.6522371428571428,0.22979411764705884,0.8291787878787878,0.5606757575757575,0.4621676470588235,0.34824999999999995,0.15934,3896.4166666666665,661.8342514285715,3218.6525408333337,1747.9471425,622.7818055555557,22979.02857142857,3896.4166666666665,19001.942857142858,10165.444444444445,3600.1666666666665,0.7061628571428571,4.856060606060607,1.2737088235294118,4.360914285714285,0.5363764705882352,2.3023088235294114,0.6353205882352942,0.3568342857142857,0.00023529411764705883,3.888888888888889e-05,732.4444444444445,4218.333333333333,23956.36111111111,178880.75,19738.083333333332,154924.36111111112,111257.63888888889
1110,CK1,2,215.0,258591.25,3136.1944444444443,18505.555555555555,15369.361111111111,3497.5833333333335,3821.0555555555557,5386.805555555556,9912.694444444445,15469.111111111111,0.16984285714285713,0.8301428571428572,3.948242857142857,4.889628571428571,0.44080588235294116,0.8016342857142859,0.20986285714285713,0.48609411764705884,16.835488235294115,18.25184705882353,0.08105142857142857,1.3224205882352942,0.2264314285714286,1.0978352941176472,0.6146400000000001,0.21545714285714287,0.8301571428571428,0.5591941176470588,0.4642,0.3537,0.16457714285714287,3136.1944444444443,531.6823888888889,2604.5120613888885,1456.3674297222224,514.4530755555556,18505.555555555555,3136.1944444444443,15369.361111111111,8592.861111111111,3036.4444444444443,0.7522882352941176,4.889628571428571,1.2666828571428572,4.737828571428571,0.5515571428571427,2.47325625,0.6733823529411764,0.39032424242424246,0.0002970588235294117,5.1428571428571436e-05,606.4166666666666,3525.222222222222,20281.75,148970.75,16756.555555555555,128689.02777777778,102335.88235294117
1110,CK1,3,180.3030303030303,231141.66666666666,3263.1666666666665,18784.083333333332,15520.916666666666,3714.9444444444443,4125.833333333333,6058.416666666667,10712.916666666666,15957.222222222223,0.1761833333333333,0.823861111111111,2.8661742857142856,4.689305555555556,0.4733,0.8229600000000001,0.263930303030303,0.5625838709677419,14.978622222222223,18.215493939393937,0.07999166666666667,1.5017628571428572,0.2547625,1.2363342857142858,0.6400314285714286,0.22182352941176472,0.8238166666666666,0.5267000000000001,0.4350833333333334,0.3461472222222223,0.14604571428571428,3263.1666666666665,567.9126944444444,2695.253972777778,1398.0923605555554,488.24735833333335,18784.083333333332,3263.1666666666665,15520.916666666666,8071.166666666667,2826.8611111111113,0.6657628571428571,4.689305555555556,1.09689375,3.439314285714286,0.5353277777777777,1.8315735294117648,0.5624666666666667,0.28061612903225813,0.00027575757575757574,5.714285714285714e-05,609.8611111111111,3481.8888888888887,19248.916666666668,139980.0,15766.916666666666,120731.05555555556,90551.94444444444
1110,D1,1,214.84848484848484,200800.86111111112,3077.8611111111113,16432.555555555555,13354.694444444445,3539.472222222222,3783.6285714285714,5574.685714285714,9867.722222222223,14078.694444444445,0.18424411764705884,0.8156764705882353,2.611658333333333,4.450294117647059,0.4739575757575758,0.8217166666666667,0.26980000000000004,0.6172088235294119,15.17994,19.37326470588235,0.0696,1.5626117647058821,0.28859705882352943,1.2740176470588238,0.6641090909090909,0.23019444444444442,0.8157558823529412,0.5260424242424243,0.42442647058823524,0.329925,0.144775,3077.8611111111113,549.1147985714287,2491.397943055556,1196.3119916666665,436.3117333333334,16432.555555555555,3077.8611111111113,13354.694444444445,6564.833333333333,2353.8611111111113,0.6493382352941176,4.450294117647059,1.111535294117647,3.1339999999999995,0.497921875,1.7441771428571429,0.49072352941176467,0.20791764705882354,0.00029375,6.76470588235294e-05,522.9166666666666,2937.4444444444443,15864.388888888889,113972.02777777778,12926.972222222223,98107.66666666667,86305.83333333333
1110,D1,2,185.71428571428572,191405.66666666666,3079.6111111111113,17190.944444444445,14111.333333333334,3542.5,3963.3888888888887,5861.638888888889,9816.055555555555,14847.277777777777,0.18111666666666665,0.8188888888888887,2.624523529411764,4.532222222222222,0.4746999999999999,0.8328393939393939,0.2798771428571429,0.6217027777777778,13.25433125,17.6400303030303,0.07951612903225805,1.6099388888888886,0.29078333333333334,1.3191472222222222,0.6974444444444444,0.22074285714285713,0.8188833333333334,0.5253000000000001,0.4299911764705882,0.317130303030303,0.1369212121212121,3079.6111111111113,552.6163944444444,2526.9947194444444,1320.6551805555555,418.58862777777773,17190.944444444445,3079.6111111111113,14111.333333333334,7374.888888888889,2343.6666666666665,0.623257142857143,4.532222222222222,1.1110499999999999,3.1495,0.46646666666666664,1.4697029411764704,0.5052500000000001,0.16433714285714285,0.00027812500000000005,6.470588235294117e-05,553.1111111111111,3125.4444444444443,17332.333333333332,122320.91666666667,14206.888888888889,104988.66666666667,66019.28571428571
1110,D1,3,168.28571428571428,224915.3142857143,4278.65625,22374.58823529412,18212.441176470587,4982.625,5542.606060606061,8372.666666666666,13753.181818181818,19820.78787878788,0.18604,0.8139714285714285,2.010297142857143,4.3797999999999995,0.5088942857142856,0.8417833333333333,0.3292972222222222,0.7253657142857143,12.6734,17.86420285714286,0.07711388888888887,1.7523666666666664,0.32766388888888887,1.4247000000000003,0.69195,0.22303030303030302,0.81396,0.4911057142857143,0.39959714285714276,0.3237416666666666,0.1287083333333333,4278.65625,787.1745454545454,3438.2496933333337,1589.1854330555552,514.1847444444445,22374.58823529412,4278.65625,18212.441176470587,8558.388888888889,2771.1666666666665,0.5758000000000001,4.3797999999999995,0.9629555555555555,2.412314285714286,0.4800805555555555,1.1855777777777776,0.38410285714285713,0.05580277777777777,0.00019999999999999996,2.777777777777778e-05,711.7058823529412,3963.5,20507.11111111111,140283.55555555556,16678.88888888889,119776.27777777778,81435.90909090909
1110,RD2,1,165.80645161290323,142300.08333333334,2816.3333333333335,14825.5,12009.166666666666,3374.277777777778,3893.222222222222,6030.888888888889,9401.25,13227.694444444445,0.1872677419354839,0.812709677419355,1.5443555555555557,4.344193548387097,0.54415625,0.8653029411764707,0.37043448275862073,0.86791875,11.883220588235295,18.342187499999998,0.06884117647058823,1.889612903225806,0.35408709677419353,1.561209375,0.67943125,0.20425806451612902,0.8127322580645162,0.45584375,0.3718903225806451,0.29504,0.10777058823529412,2816.3333333333335,561.9127666666668,2254.4205677777777,1007.9096888888889,299.25680277777775,14825.5,2816.3333333333335,12009.166666666666,5424.25,1597.8055555555557,0.5304939393939394,4.344193548387097,0.8420363636363637,1.8532222222222225,0.4103678571428571,0.7948571428571428,0.29301612903225804,-0.09040937500000001,0.0003205882352941177,0.00010294117647058824,466.3333333333333,2523.8611111111113,13006.611111111111,85355.13888888889,10482.833333333334,72348.61111111111,56478.61111111111
1110,RD2,2,165.9375,106699.66666666667,2676.027777777778,12686.138888888889,10010.111111111111,3294.5,3865.8333333333335,6064.027777777777,8677.444444444445,11404.916666666666,0.20651785714285714,0.7935,0.8720333333333334,3.8060000000000005,0.6379777777777779,0.87258,0.7474937500000001,1.41634,10.163722580645162,20.261403125,0.06348000000000001,2.579262068965517,0.522425,2.089131428571428,0.6666703703703704,0.24490625,0.7934821428571428,0.36202222222222225,0.23856944444444445,0.45575882352941177,0.10050689655172415,2676.027777777778,664.9683977142857,2024.452721388889,785.445476111111,259.66763888888886,12686.138888888889,2676.027777777778,10010.111111111111,4008.6944444444443,1281.2222222222222,0.3627416666666667,3.8060000000000005,0.6107028571428572,1.0464166666666666,0.8727225806451611,0.5179735294117647,-0.26558125000000005,-0.24960714285714286,0.00025882352941176474,8.214285714285714e-05,384.47222222222223,1982.361111111111,9740.777777777777,65396.833333333336,7758.555555555556,55656.02777777778,39379.42857142857
1110,RD2,3,156.06060606060606,130001.55555555556,3178.027777777778,15442.361111111111,12264.333333333334,3793.777777777778,4356.972222222223,6713.055555555556,10275.722222222223,13915.75,0.19706206896551723,0.8029655172413792,1.0453249999999998,4.0841724137931035,0.6392444444444444,0.8771030303030303,0.512541935483871,1.0837375,10.241960606060605,17.02216129032258,0.06716562499999999,2.101663333333333,0.40628965517241383,1.765960606060606,0.6773620689655173,0.20638709677419353,0.8029379310344829,0.36075555555555555,0.2972235294117647,0.3021068965517241,0.09942666666666669,3178.027777777778,720.454921111111,2457.572853888889,1018.8437888888889,305.0941416666667,15442.361111111111,3178.027777777778,12264.333333333334,5166.638888888889,1526.611111111111,0.4611363636363637,4.0841724137931035,0.6216833333333334,1.2543333333333335,0.4095192307692308,0.5320527777777777,0.12824666666666665,-0.21619000000000002,0.0002515151515151515,5.8620689655172425e-05,475.30555555555554,2539.8055555555557,12679.805555555555,82414.72222222222,10140.083333333334,69734.94444444444,47599.444444444445
1210,CK1,1,175.14285714285714,194346.30555555556,4464.272727272727,22750.2,18476.14285714286,5287.757575757576,5926.15625,9138.1875,14866.39393939394,20293.257142857143,0.18265,0.81734375,1.8841264705882352,4.48103125,0.51616875,0.8698000000000001,0.34557499999999997,0.768140625,10.658954285714286,16.338785714285716,0.06574444444444444,1.8166266666666668,0.33183124999999997,1.4851266666666667,0.71685,0.19919444444444442,0.81735,0.48383125000000005,0.39560625,0.2778242424242424,0.10568055555555557,4464.272727272727,826.1425771875001,3614.5251224242425,1527.8271830555555,446.37714722222216,22750.2,4464.272727272727,18476.14285714286,8332.416666666666,2404.972222222222,0.5495774193548387,4.48103125,0.947553125,2.2609999999999997,0.37988750000000004,0.8643583333333333,0.36507500000000004,-0.0875,0.00019999999999999998,3.142857142857143e-05,719.2,3846.722222222222,20099.944444444445,129537.47222222222,16253.388888888889,109437.38888888889,64106.38888888889
1210,CK1,2,156.06060606060606,207696.88888888888,4326.64705882353,22664.166666666668,18521.555555555555,5228.30303030303,6181.903225806452,9632.645161290322,15243.53125,21153.558823529413,0.18105,0.8189687499999999,1.7791114285714287,4.4968125,0.5393885714285714,0.8700542857142859,0.3770828571428571,0.8314885714285715,10.677667647058824,16.364325714285712,0.07171388888888888,1.87582,0.34571142857142856,1.5301114285714286,0.695811111111111,0.19825,0.81895,0.4606114285714286,0.3760171428571429,0.2784257142857142,0.10612285714285712,4326.64705882353,807.1650803030302,3534.3715585294117,1568.9300716666667,443.5249944444444,22664.166666666668,4326.64705882353,18521.555555555555,8610.0,2440.25,0.5333470588235294,4.4968125,0.8706742857142856,2.1349142857142858,0.39027142857142855,0.868477142857143,0.332484375,-0.11074285714285714,0.0002,3.6111111111111116e-05,721.4166666666666,3964.6666666666665,20745.0,132526.13888888888,16780.416666666668,111781.13888888889,72824.35483870968
1210,CK1,3,156.38888888888889,176057.25,3887.1666666666665,20805.13888888889,16917.972222222223,4685.25,5408.083333333333,8668.666666666666,13362.277777777777,18664.666666666668,0.18762222222222222,0.8123611111111112,1.5076138888888893,4.340972222222222,0.5670194444444445,0.87595,0.420485294117647,0.9249485714285716,10.143488571428572,16.19258333333333,0.06813055555555557,1.9980000000000002,0.3700117647058824,1.6225371428571427,0.6946166666666667,0.19894444444444445,0.8123777777777779,0.43298055555555554,0.3521444444444444,0.2851194444444445,0.10098611111111111,3887.1666666666665,727.7183638888888,3159.4483061111114,1383.5566119444445,396.3410222222222,20805.13888888889,3887.1666666666665,16917.972222222223,7442.861111111111,2140.472222222222,0.5075416666666668,4.340972222222222,0.7857666666666667,1.809194444444444,0.4029166666666666,0.745225,0.21697222222222223,-0.1853361111111111,0.00023055555555555557,4.166666666666667e-05,656.3055555555555,3542.5833333333335,18011.194444444445,114155.25,14468.722222222223,96144.02777777778,61245.694444444445
1210,D1,1,162.5,143261.55555555556,3402.5833333333335,16003.805555555555,12601.222222222223,4308.222222222223,5173.611111111111,8395.657142857142,11319.083333333334,14169.194444444445,0.22795714285714286,0.7720857142857143,0.7848722222222222,3.5083333333333333,0.6857027777777778,0.8614611111111112,0.9065833333333332,1.5373027777777777,11.007554285714285,23.098437142857144,0.07033055555555556,2.8857472222222222,0.6789771428571428,2.155575,0.6182722222222222,0.2872285714285714,0.7720428571428571,0.31429722222222223,0.24793333333333337,0.5028171428571429,0.10685555555555555,3402.5833333333335,738.7808714285713,2645.659400555555,923.0096272222223,377.0417333333333,16003.805555555555,3402.5833333333335,12601.222222222223,4684.722222222223,1834.611111111111,0.3772666666666667,3.5083333333333333,0.5172361111111112,0.9417500000000002,1.0306562499999998,0.6603685714285715,-0.2942722222222222,-0.23748529411764713,0.0002416666666666667,7.142857142857143e-05,481.27777777777777,2394.9166666666665,11315.277777777777,82769.02777777778,8920.472222222223,71453.63888888889,60011.25
1210,D1,2,172.72727272727272,136635.13888888888,2882.0555555555557,15114.416666666666,12232.361111111111,3510.5,4094.1666666666665,6434.777777777777,9753.0,13503.5,0.18953235294117646,0.8109393939393941,1.5209666666666666,4.2701515151515155,0.5596583333333334,0.8632166666666666,0.4447428571428571,0.9260000000000002,11.447752777777781,18.610382352941173,0.06516388888888888,2.0333514285714287,0.3884514285714286,1.6449085714285716,0.7166176470588234,0.22036111111111112,0.8104676470588236,0.4403416666666667,0.35662499999999997,0.30104285714285717,0.11074166666666665,2882.0555555555557,551.2349388888889,2330.8206261111113,1014.6087213888887,304.9369611111111,15114.416666666666,2882.0555555555557,12232.361111111111,5361.416666666667,1610.9166666666667,0.49980277777777776,4.2701515151515155,0.8145861111111111,1.8251666666666668,0.43631714285714285,0.8590111111111112,0.2304371428571428,-0.14450277777777779,0.00031176470588235297,9.999999999999998e-05,473.25,2522.527777777778,12881.527777777777,81637.11111111111,10359.055555555555,68755.63888888889,54524.72222222222
1210,D1,3,166.47058823529412,150284.13888888888,3244.529411764706,16922.742857142857,13415.472222222223,4004.4411764705883,4714.588235294118,7506.911764705882,11104.911764705883,15075.114285714286,0.185028125,0.81496875,1.366097142857143,4.41453125,0.5677861111111112,0.8650583333333333,0.45102499999999995,1.0342542857142856,11.14964,19.444573529411766,0.06624411764705881,2.1744882352941177,0.38889687500000003,1.7952285714285714,0.7632088235294118,0.23548571428571427,0.8149718749999999,0.4322138888888889,0.35018055555555555,0.3026382352941177,0.10890833333333333,3244.529411764706,588.979334375,2630.783362058824,1098.9924558333332,336.04912777777776,16922.742857142857,3244.529411764706,13415.472222222223,5922.555555555556,1804.2777777777778,0.4552085714285714,4.41453125,0.791711111111111,1.6392857142857145,0.4375588235294118,0.7686333333333333,0.2075323529411765,-0.18005833333333332,0.00025624999999999997,6.969696969696971e-05,518.0,2738.75,14017.583333333334,90550.58333333333,11278.833333333334,76533.11111111111,59215.694444444445
1210,RD2,1,144.54545454545453,140406.86111111112,3044.3333333333335,15549.416666666666,12505.083333333334,3794.777777777778,4483.277777777777,7249.444444444444,10363.444444444445,13801.777777777777,0.19306774193548393,0.8069032258064517,1.0827542857142858,4.188580645161291,0.5773151515151516,0.8599571428571428,0.50344375,1.0702939393939392,11.167509090909087,20.672484375,0.077875,2.25042,0.42873870967741934,1.8715903225806452,0.7533457142857144,0.2606285714285714,0.8069322580645163,0.4226848484848485,0.34416875,0.33290967741935484,0.11257222222222223,3044.3333333333335,601.6390055555555,2442.6943288888892,1006.4676919444446,341.3690583333333,15549.416666666666,3044.3333333333335,12505.083333333334,5185.972222222223,1747.638888888889,0.4257161290322581,4.188580645161291,0.7106277777777777,1.2992285714285716,0.5024161290322581,0.6159333333333332,0.14209687499999998,-0.19156060606060607,0.0002666666666666666,7.575757575757577e-05,480.69444444444446,2489.777777777778,12205.944444444445,86598.86111111111,9716.222222222223,74392.83333333333,53327.36111111111
1210,RD2,2,156.0,179241.52777777778,3759.5555555555557,19725.666666666668,15966.111111111111,4519.527777777777,5331.142857142857,8606.29411764706,13258.70588235294,17550.055555555555,0.19092285714285717,0.8091142857142858,1.3716611111111114,4.227833333333333,0.5685611111111111,0.8636055555555555,0.42866764705882354,0.9575833333333333,11.258265714285713,18.51392222222222,0.07297500000000001,2.0651944444444443,0.3916257142857143,1.6692388888888887,0.7012827586206897,0.22280000000000003,0.8090771428571428,0.4314388888888889,0.3488833333333333,0.30791818181818176,0.11021666666666666,3759.5555555555557,717.4647841666665,3042.0907711111113,1344.0094905555554,414.6542777777778,19725.666666666668,3759.5555555555557,15966.111111111111,7063.027777777777,2175.6111111111113,0.4911111111111111,4.227833333333333,0.7744416666666668,1.6460277777777774,0.4470454545454546,0.7527972222222222,0.19220833333333334,-0.13879444444444444,0.00023235294117647057,4.411764705882353e-05,619.2777777777778,3335.6111111111113,16957.972222222223,111072.0,13622.444444444445,94114.11111111111,68043.61111111111
1210,RD2,3,148.38709677419354,137148.05555555556,2975.0555555555557,15013.472222222223,12038.416666666666,3651.0,4278.694444444444,6766.833333333333,9880.638888888889,13361.472222222223,0.20390312500000002,0.79609375,1.0314222222222222,3.9214545454545457,0.6232527777777777,0.8607441176470589,0.6593249999999999,1.2526111111111111,10.745071875,20.409512499999998,0.07203888888888889,2.4444848484848487,0.50255625,1.946236111111111,0.7230393939393939,0.26699999999999996,0.7960968749999999,0.3767472222222222,0.2934555555555556,0.36178125,0.10934545454545455,2975.0555555555557,615.1400172222222,2359.915533888889,991.2349050000001,324.0857916666667,15013.472222222223,2975.0555555555557,12038.416666666666,5132.833333333333,1652.0,0.4079583333333334,3.9214545454545457,0.6498777777777779,1.2376666666666667,0.5040035714285714,0.5744705882352941,0.014290909090909095,-0.21214242424242424,0.0003411764705882353,9.375e-05,464.19444444444446,2435.25,12181.805555555555,82797.22222222222,9746.472222222223,70615.47222222222,50306.28571428572
1214,CK1,1,172.28571428571428,192472.38888888888,4125.333333333333,23082.666666666668,18957.333333333332,4554.028571428571,5028.714285714285,7209.942857142857,13257.972222222223,20901.944444444445,0.17224,0.8278000000000002,3.112475757575758,4.796193548387097,0.4690529411764706,0.8870906250000001,0.24344411764705884,0.5503363636363636,10.036960606060607,11.891682352941176,0.06350277777777777,1.4224181818181818,0.24611764705882355,1.18081875,0.6245242424242424,0.13438235294117648,0.8277599999999999,0.5309470588235293,0.4379588235294118,0.21610000000000001,0.09432941176470588,4125.333333333333,709.0327182857143,3379.6278872222224,1730.8671463888886,389.04260277777774,23082.666666666668,4125.333333333333,18957.333333333332,9824.694444444445,2180.722222222222,0.701071875,4.796193548387097,1.1283575757575757,3.735030303030303,0.2740181818181818,1.0224970588235296,0.5875117647058824,0.00806,0.00023055555555555557,3.055555555555556e-05,745.1944444444445,4256.583333333333,23794.0,142451.22222222222,19537.277777777777,118657.41666666667,49275.97222222222
1214,CK1,2,186.66666666666666,202615.02777777778,3846.3611111111113,21513.13888888889,17666.777777777777,4290.944444444444,4701.0,6564.222222222223,12025.611111111111,19172.805555555555,0.17466666666666666,0.8253030303030303,3.6275882352941173,4.737121212121211,0.4536121212121212,0.8684558823529411,0.22213939393939394,0.4924181818181818,11.443221212121212,12.496730555555553,0.06244,1.3141181818181817,0.22909687499999998,1.0807242424242425,0.5883090909090909,0.1414545454545455,0.8253333333333334,0.5463878787878789,0.45010303030303034,0.24542058823529414,0.1065939393939394,3846.3611111111113,695.5957002777778,3150.7654116666668,1673.2122311111111,416.34291666666667,21513.13888888889,3846.3611111111113,17666.777777777777,9487.527777777777,2340.3333333333335,0.7657939393939394,4.737121212121211,1.2205333333333335,4.353117647058823,0.32748235294117645,1.4027352941176472,0.6331878787878789,0.12656764705882353,0.00022121212121212121,4.11764705882353e-05,696.3611111111111,4027.5833333333335,23040.444444444445,143923.13888888888,19012.944444444445,120882.63888888889,57995.555555555555
1214,CK1,3,181.11111111111111,226813.48571428572,4602.40625,26956.41935483871,22309.90322580645,5195.21875,5737.71875,8244.75,14545.0,24302.612903225807,0.1714945945945946,0.8286486486486485,3.5159081081081083,4.836675675675677,0.45086315789473685,0.8803783783783783,0.23653421052631576,0.5317289473684209,10.702391891891889,12.632194736842104,0.06371842105263159,1.4152222222222222,0.2442368421052631,1.1707638888888887,0.6433142857142858,0.13967567567567568,0.8285054054054054,0.5491368421052631,0.4547763157894737,0.21848648648648647,0.0989945945945946,4602.40625,785.5704987878788,3806.5669018750004,2087.818400645161,427.99904722222226,26956.41935483871,4602.40625,22309.90322580645,11856.272727272728,2527.8285714285716,0.7061857142857142,4.836675675675677,1.2364815789473684,4.2190810810810815,0.28064864864864864,1.1476333333333333,0.6191921052631579,0.05923783783783783,0.00019999999999999996,0.0,878.258064516129,5052.741935483871,28772.8064516129,176728.38235294117,23720.09677419355,149039.88235294117,47443.37837837838
1214,D1,1,150.28571428571428,196815.66666666666,3916.0555555555557,21423.805555555555,17507.75,4425.222222222223,4888.083333333333,7005.944444444444,12221.388888888889,19127.027777777777,0.18152058823529413,0.8185,2.933391428571429,4.525029411764706,0.47609999999999997,0.868425,0.25342352941176466,0.5722029411764705,11.23071142857143,13.282448484848484,0.07651666666666666,1.4696058823529412,0.2673941176470588,1.2022117647058823,0.6330545454545454,0.1560294117647059,0.818479411764706,0.5239,0.43176764705882353,0.24909393939393934,0.1061361111111111,3916.0555555555557,726.4019836111111,3264.515299714286,1666.5637986111115,416.81733888888886,21423.805555555555,3916.0555555555557,17507.75,9202.416666666666,2296.777777777778,0.687229411764706,4.525029411764706,1.1189228571428569,3.5201142857142855,0.3304117647058823,1.1422441176470588,0.537264705882353,0.054655882352941186,0.0002,3.714285714285715e-05,688.2222222222222,3932.6944444444443,22084.36111111111,141312.27777777778,18151.63888888889,119228.0,54815.13888888889
1214,D1,2,160.3030303030303,223209.37142857144,4423.735294117647,23906.805555555555,19693.722222222223,4956.676470588235,5443.882352941177,7685.088235294118,13553.470588235294,21909.428571428572,0.17530571428571431,0.8246285714285714,3.619897142857143,4.690111111111111,0.43959444444444445,0.8757696969696969,0.23193611111111112,0.5209333333333332,11.292037142857142,12.87454375,0.07135833333333334,1.4392514285714284,0.24902571428571427,1.183914285714286,0.6507066666666665,0.14691176470588238,0.8246971428571427,0.5604055555555556,0.46197222222222223,0.2260323529411765,0.10546285714285715,4423.735294117647,763.820746969697,3640.6639517647063,1929.267195833333,442.7199194444445,23906.805555555555,4423.735294117647,19693.722222222223,11013.75,2531.9166666666665,0.7012742857142857,4.690111111111111,1.2802714285714283,4.343828571428571,0.29030303030303034,1.2250878787878785,0.625336111111111,0.08854571428571428,0.0002,2.3529411764705884e-05,776.0,4480.388888888889,25938.194444444445,168065.16666666666,21457.833333333332,142127.05555555556,54391.617647058825
1214,D1,3,185.45454545454547,131246.83333333334,3204.722222222222,16810.722222222223,13606.0,3685.25,4118.305555555556,6119.055555555556,10457.944444444445,15509.444444444445,0.19102571428571433,0.8090571428571428,2.024190625,4.244571428571428,0.5175806451612905,0.9014742857142856,0.30595757575757576,0.67598125,9.426083870967739,12.448690625,0.05323142857142856,1.6036114285714285,0.30385588235294114,1.3040764705882353,0.6111558823529412,0.12503225806451612,0.8089742857142858,0.48241935483870957,0.39080645161290317,0.20762857142857144,0.07951142857142857,3204.722222222222,613.250695,2591.471532222222,1204.5038675,247.6797972222222,16810.722222222223,3204.722222222222,13606.0,6352.777777777777,1301.2777777777778,0.6192272727272727,4.244571428571428,0.9289218750000001,2.42909375,0.2632485714285714,0.6212545454545454,0.39037187500000003,-0.21447058823529414,0.0002633333333333333,5.483870967741937e-05,532.2777777777778,2981.777777777778,15837.888888888889,84316.0,12856.138888888889,68478.13888888889,43427.857142857145
1214,RD2,1,178.125,239798.11111111112,4315.542857142857,20260.972222222223,16051.083333333334,5117.285714285715,5880.285714285715,8773.0,12440.361111111111,17387.63888888889,0.2028161290322581,0.7970967741935483,1.4974888888888889,3.9883870967741935,0.5506444444444445,0.8300542857142859,0.4072034482758621,0.9742545454545454,14.716536363636363,23.63222068965517,0.07745555555555556,2.1591129032258065,0.4470774193548387,1.8283514285714284,0.7849228571428571,0.2946060606060606,0.7971838709677419,0.44935555555555556,0.36041142857142855,0.37351875,0.1324914285714286,4315.542857142857,965.83330375,3288.9507255555554,1556.2955738888886,578.9187277777778,20260.972222222223,4315.542857142857,16051.083333333334,7820.611111111111,2873.3333333333335,0.44750277777777775,3.9883870967741935,0.8875833333333332,1.7970277777777777,0.602653125,1.101261111111111,0.21196875,-0.07840000000000001,0.0002,5.428571428571429e-05,622.9444444444445,3350.722222222222,18007.805555555555,139268.69444444444,14657.166666666666,121260.83333333333,99906.52777777778
1214,RD2,2,162.94117647058823,238431.62857142856,4335.4,22597.5,18234.470588235294,5140.085714285714,5962.970588235294,9222.09090909091,13906.818181818182,19401.970588235294,0.18869666666666662,0.8113333333333335,1.6103972222222223,4.2533125,0.5324200000000001,0.8302638888888889,0.42194375,0.9067727272727274,13.451002857142857,22.792290322580637,0.0831611111111111,2.121342424242424,0.40098750000000005,1.7606457142857141,0.7920599999999999,0.28571875,0.8113033333333333,0.46758000000000005,0.3886515151515152,0.35025,0.13620857142857143,4335.4,857.12398,3390.0272680555554,1620.378146388889,588.0766833333334,22597.5,4335.4,18234.470588235294,8470.111111111111,3039.9166666666665,0.46544722222222223,4.2533125,0.9016555555555557,1.932472222222222,0.5418566666666667,1.07055,0.26830909090909094,0.004105882352941174,0.0002,3.88888888888889e-05,709.0,3663.3055555555557,19543.5,149003.5,15880.166666666666,129459.94444444444,89997.71428571429
1214,RD2,3,137.1875,245016.33333333334,4464.916666666667,23295.666666666668,18830.75,5304.971428571429,6020.942857142857,8977.0,14103.628571428571,20128.75,0.19025454545454545,0.8097272727272726,1.932997222222222,4.246794117647059,0.5020676470588237,0.8354472222222223,0.355653125,0.8186771428571429,12.67371111111111,19.61946944444444,0.0878,1.9850861111111113,0.37836285714285717,1.5977027777777777,0.7590944444444445,0.25580555555555556,0.8097454545454544,0.4979323529411765,0.407460606060606,0.33807499999999996,0.13296388888888888,4464.916666666667,858.5796075,3606.337059166666,1789.0836375,603.5287277777778,23295.666666666668,4464.916666666667,18830.75,9397.583333333334,3166.9166666666665,0.5251583333333333,4.246794117647059,0.9868138888888889,2.3196666666666665,0.5142527777777779,1.1865055555555555,0.3437558823529412,0.018219444444444444,0.00019999999999999996,3.055555555555556e-05,734.5,4049.722222222222,21910.86111111111,162807.05555555556,17861.222222222223,140896.25,81474.86111111111
1218,CK1,1,418.3333333333333,194364.55555555556,2408.8055555555557,14094.416666666666,11685.611111111111,2710.6666666666665,2984.25,4276.527777777777,7598.444444444444,12034.083333333334,0.16925277777777778,0.8307777777777778,3.908490909090909,4.9231388888888885,0.4305342857142857,0.8112257142857144,0.20873611111111112,0.49184444444444453,18.693525714285713,21.227858333333337,0.05378611111111112,1.3709472222222223,0.23257222222222224,1.1383777777777777,0.6465277777777777,0.21411111111111109,0.8307472222222223,0.5694657142857142,0.47306285714285706,0.32904857142857136,0.15687714285714285,2408.8055555555557,412.55032499999993,1996.255231944444,1107.9982494444446,350.4708,14094.416666666666,2408.8055555555557,11685.611111111111,6495.972222222223,2012.0,0.7341457142857143,4.9231388888888885,1.3241970588235294,4.690090909090909,0.49578,2.4615147058823528,0.67528,0.36353142857142856,0.00044242424242424243,9.999999999999999e-05,460.0833333333333,2655.8888888888887,15275.055555555555,106615.83333333333,12619.166666666666,91340.66666666667,87288.75
1218,CK1,2,320.27777777777777,248954.9090909091,3417.6388888888887,19668.305555555555,16250.666666666666,3899.3333333333335,4334.638888888889,6351.222222222223,11045.694444444445,17010.75,0.17167222222222223,0.8283055555555555,3.1747970588235295,4.817057142857142,0.4594361111111111,0.8368031250000001,0.25674444444444444,0.5811194444444443,14.61810625,17.150734482758622,0.06530555555555556,1.5132416666666668,0.2613888888888889,1.2518555555555557,0.6673057142857144,0.20821212121212124,0.8283277777777776,0.5405638888888888,0.4481777777777778,0.306696875,0.135009375,3417.6388888888887,595.7282277777778,2821.9106675000003,1492.4299505555553,457.8473055555556,19668.305555555555,3417.6388888888887,16250.666666666666,8622.611111111111,2658.470588235294,0.673327777777778,4.817057142857142,1.1623911764705883,3.8098529411764703,0.445259375,1.7254,0.5798111111111112,0.21486764705882355,0.00023333333333333325,4.9999999999999996e-05,638.3611111111111,3642.1944444444443,20436.666666666668,140329.36111111112,16794.444444444445,119892.80555555556,105421.14285714286
1218,CK1,3,182.12121212121212,278037.0,4741.294117647059,27417.75,22619.4375,5417.764705882353,6033.735294117647,8871.382352941177,15354.441176470587,24005.727272727272,0.17458333333333334,0.8253611111111111,2.7926685714285715,4.742222222222223,0.475275,0.8544200000000001,0.27545277777777777,0.6227371428571429,12.455370588235294,15.957509090909092,0.06770277777777776,1.571463888888889,0.2779617647058824,1.2968333333333333,0.678961111111111,0.18714705882352942,0.8254166666666667,0.5247249999999999,0.4332611111111111,0.2777200000000001,0.12024857142857144,4741.294117647059,832.180350882353,3909.1137697058825,2048.0034570588236,556.7477972222221,27417.75,4741.294117647059,22619.4375,11816.242424242424,3199.8055555555557,0.6359514285714285,4.742222222222223,1.1100305555555556,3.3512285714285714,0.38571428571428573,1.31538,0.523236111111111,0.10339714285714287,0.0002,0.0,888.21875,5027.121212121212,27903.735294117647,177789.88571428572,22912.058823529413,150160.91428571427,95906.40625
1218,D1,1,244.84848484848484,105340.06060606061,2040.888888888889,10516.805555555555,8475.916666666666,2372.1666666666665,2673.9444444444443,3985.722222222222,6315.166666666667,9377.055555555555,0.1937285714285714,0.8062857142857143,2.377374285714285,4.169571428571428,0.48945555555555553,0.8536944444444444,0.32606944444444447,0.7143916666666668,14.614999999999997,19.51714722222222,0.05593611111111111,1.7492222222222218,0.34204722222222217,1.4071666666666665,0.6927777777777777,0.19424999999999998,0.8062714285714285,0.5105444444444445,0.41152777777777777,0.2829472222222223,0.117925,2040.888888888889,396.9988916666667,1643.8899897222225,739.4180336363637,197.99279374999998,10516.805555555555,2040.888888888889,8475.916666666666,3809.060606060606,1017.25,0.5963257142857142,4.169571428571428,1.073562857142857,2.8528285714285713,0.3990444444444445,1.2850416666666669,0.4067138888888888,-0.0006249999999999948,0.0005055555555555556,0.00013888888888888892,330.5833333333333,1832.5555555555557,8800.59375,56079.5,7165.5,47279.0625,48106.42857142857
1218,D1,2,242.8125,109899.33333333333,1790.6944444444443,9555.0,7764.305555555556,2064.8888888888887,2310.5,3407.6388888888887,5540.5,8381.055555555555,0.18763999999999997,0.8123428571428573,2.8929171428571423,4.359828571428571,0.46998888888888884,0.8393638888888888,0.2927833333333333,0.645,14.372284848484847,18.71877352941177,0.05920277777777779,1.6358388888888888,0.311125,1.3247166666666668,0.6876799999999998,0.20591176470588235,0.81236,0.5300111111111111,0.4300777777777778,0.295864705882353,0.13031666666666666,1790.6944444444443,337.4566666666667,1453.2377819444446,748.0934202777778,218.5790388888889,9555.0,1790.6944444444443,7764.305555555556,4014.5,1173.9444444444443,0.6383571428571428,4.359828571428571,1.1513342857142856,3.471514285714286,0.42237647058823524,1.559854285714286,0.48850000000000005,0.11971666666666667,0.0004741935483870967,0.0001323529411764706,303.5833333333333,1704.4444444444443,9483.388888888889,62609.38888888889,7779.055555555556,53125.833333333336,46986.38888888889
1218,D1,3,229.6969696969697,113019.75,2022.4722222222222,9939.388888888889,7916.916666666667,2423.6060606060605,2681.25,3874.5142857142855,6109.583333333333,8749.277777777777,0.20082352941176468,0.7990882352941178,1.91325,3.9972352941176474,0.5183666666666666,0.8491857142857142,0.37325142857142857,0.8319944444444444,14.205638235294117,21.512626470588234,0.061522857142857136,1.9685444444444447,0.3831323529411765,1.5518555555555555,0.7198583333333333,0.2278,0.7991764705882353,0.4816333333333334,0.3836805555555556,0.3109424242424242,0.11974857142857141,2022.4722222222222,416.9930533333333,1607.0035669444444,770.0239077777776,240.7734527777778,9939.388888888889,2022.4722222222222,7916.916666666667,3829.8055555555557,1190.111111111111,0.5433888888888889,3.9972352941176474,0.9724888888888891,2.2958888888888884,0.4533787878787878,1.0099514285714284,0.2758416666666667,-0.05176111111111112,0.00039705882352941176,9.999999999999998e-05,308.1111111111111,1688.5833333333333,9129.75,61509.166666666664,7441.194444444444,52379.333333333336,51202.5
1218,RD2,1,190.6451612903226,141878.88571428572,3254.3888888888887,14903.361111111111,11648.972222222223,3801.472222222222,4301.305555555556,6489.222222222223,10029.361111111111,13192.277777777777,0.18850357142857144,0.8115000000000002,1.2435771428571427,4.311142857142857,0.5662935483870968,0.8467114285714286,0.3996060606060606,0.8677272727272727,12.760878125000001,20.431522857142852,0.06694848484848484,1.9270612903225808,0.3494142857142856,1.5287388888888886,0.6125257142857141,0.23691428571428572,0.8114964285714288,0.4337064516129032,0.3547862068965517,0.3337689655172414,0.11618125,3254.3888888888887,605.8940603333334,2424.4123899999995,970.9295941666666,362.7512166666666,14903.361111111111,3254.3888888888887,11648.972222222223,4874.0,1711.0833333333333,0.482870588235294,4.311142857142857,0.7371875000000001,1.4923714285714287,0.4958033333333333,0.8514099999999999,0.2722178571428572,-0.05562413793103448,0.00021666666666666663,7.1875e-05,452.3611111111111,2438.1944444444443,12060.416666666666,84017.58333333333,9622.194444444445,71957.13888888889,59057.0
1218,RD2,2,176.1764705882353,142271.63888888888,2948.25,14965.944444444445,12017.694444444445,3576.3333333333335,4154.416666666667,6467.972222222223,9735.166666666666,13305.138888888889,0.1869214285714286,0.8130714285714287,1.2294028571428572,4.355321428571428,0.5895742857142857,0.8532555555555555,0.40939999999999993,0.8906749999999999,11.920260000000003,20.69244516129033,0.06898529411764706,1.9689071428571427,0.3687892857142857,1.6413068965517241,0.7148166666666667,0.21703571428571425,0.8130785714285713,0.4104257142857143,0.35945862068965506,0.30617500000000003,0.11147714285714286,2948.25,606.2669922222223,2341.9830138888888,1000.3415761111113,327.49163888888893,14965.944444444445,2948.25,12017.694444444445,5230.777777777777,1660.8055555555557,0.46221142857142855,4.355321428571428,0.718013888888889,1.4753428571428573,0.44281428571428566,0.6933911764705883,0.26027857142857147,-0.15828,0.0002875,0.00011666666666666668,464.8333333333333,2472.6111111111113,12585.166666666666,84842.36111111111,10112.555555555555,72257.16666666667,56964.583333333336
1218,RD2,3,160.68965517241378,153770.9705882353,3425.5833333333335,16978.75,13553.166666666666,4157.722222222223,4853.222222222223,7449.055555555556,10989.083333333334,15046.916666666666,0.1957033333333333,0.8042999999999999,1.5324611111111115,3.9611764705882346,0.5751333333333334,0.85112,0.5954722222222222,1.0965138888888886,11.889860606060605,21.45548857142857,0.06881666666666666,2.3428416666666667,0.5005914285714285,1.8011444444444444,0.7148676470588236,0.27052777777777776,0.8042966666666664,0.4248666666666667,0.3378555555555556,0.36307941176470593,0.11652,3425.5833333333335,726.2936477142858,2716.7178413888887,1170.2469219444445,370.7150542857143,16978.75,3425.5833333333335,13553.166666666666,5989.666666666667,1827.8857142857144,0.4864305555555555,3.9611764705882346,0.7986027777777778,1.838916666666667,0.560446875,0.8577199999999999,0.0907,-0.11541666666666665,0.00021428571428571425,6.363636363636363e-05,523.8611111111111,2770.1944444444443,14317.166666666666,93391.88571428572,11546.944444444445,79820.8,59222.35294117647
1219,CK1,1,128.21428571428572,225748.5588235294,3972.9444444444443,21715.63888888889,17742.694444444445,4574.138888888889,5007.628571428571,7404.5142857142855,12508.583333333334,18449.333333333332,0.1805,0.8193939393939392,2.4580857142857147,4.546363636363637,0.46686969696969693,0.8206199999999999,0.30723142857142854,0.6811257142857142,13.176208823529413,18.703547222222223,0.09745937500000001,1.728472222222222,0.31401428571428575,1.4085694444444445,0.7193314285714285,0.24868571428571426,0.8194999999999999,0.533130303030303,0.4369909090909091,0.33986363636363637,0.14646571428571428,3972.9444444444443,706.8575525714286,3242.265020277778,1668.4558738888888,577.3492762857144,21715.63888888889,3972.9444444444443,17742.694444444445,9207.055555555555,3159.1714285714284,0.5930444444444445,4.546363636363637,1.154551515151515,2.949685714285714,0.5185848484848484,1.6316057142857143,0.4922575757575757,0.1905,0.00023235294117647057,3.611111111111111e-05,694.8333333333334,3910.6666666666665,21524.277777777777,162451.0,17613.61111111111,140926.75,71348.5294117647
1219,CK1,2,160.0,252497.3142857143,3849.4166666666665,21263.428571428572,17317.02857142857,4344.388888888889,4800.805555555556,6842.083333333333,11756.75,18275.4,0.18547777777777777,0.8145555555555555,2.9795999999999996,4.418083333333334,0.4597285714285714,0.8265942857142857,0.25964,0.5685342857142857,14.571911764705884,18.33341666666667,0.09498888888888889,1.5191999999999999,0.2831972222222222,1.2449057142857143,0.6607228571428573,0.21220000000000003,0.8145222222222223,0.5402714285714285,0.44104571428571426,0.3207028571428572,0.14134285714285713,3849.4166666666665,718.1166008333335,3210.0908611428576,1655.6730661111112,538.8012249999998,21263.428571428572,3849.4166666666665,17317.02857142857,8986.694444444445,2919.777777777778,0.6601085714285714,4.418083333333334,1.1925,3.5755,0.47132941176470594,1.714062857142857,0.5410542857142856,0.20059142857142856,0.00021935483870967734,3.714285714285715e-05,680.8571428571429,3886.2571428571428,21278.166666666668,145946.22222222222,17486.222222222223,124668.0,100214.86111111111
1219,CK1,3,181.5151515151515,237668.9705882353,4021.9117647058824,21431.79411764706,17409.882352941175,4585.117647058823,5112.0,7245.142857142857,12494.0,18749.029411764706,0.18663714285714283,0.8134,2.5829057142857144,4.369857142857143,0.47478,0.8435138888888889,0.28256764705882353,0.6269470588235295,13.62745882352941,17.980555555555554,0.0752,1.6253147058823527,0.29907941176470587,1.3193,0.6713714285714287,0.19785714285714284,0.813362857142857,0.52522,0.42745428571428573,0.29582571428571425,0.12720555555555557,4021.9117647058824,739.0330530303031,3264.6407752941177,1632.566814,491.3052085714287,21431.79411764706,4021.9117647058824,17409.882352941175,8541.694444444445,2563.777777777778,0.6168333333333333,4.369857142857143,1.094914285714286,3.0994285714285716,0.4232714285714286,1.2982411764705883,0.48945714285714276,0.10759999999999999,0.0002,3.428571428571429e-05,682.8823529411765,3773.9142857142856,20355.222222222223,133510.77777777778,16672.027777777777,113155.58333333333,97318.82352941176
1219,D1,1,206.76470588235293,269019.02857142856,4108.0,20744.81818181818,16717.909090909092,4678.4,5193.566666666667,7524.233333333334,12691.2,18378.290322580644,0.19146285714285716,0.8085142857142856,2.4670542857142856,4.2553714285714275,0.4735424242424242,0.8081354838709678,0.25959666666666664,0.5979333333333334,17.11087878787879,22.012987878787882,0.085,1.56973,0.29950882352941177,1.2783999999999998,0.664478125,0.23814285714285713,0.8085371428571428,0.5264575757575758,0.4263333333333333,0.3572818181818182,0.15472121212121212,4108.0,724.7546226470588,3373.1424612903224,1477.1249644444442,559.6820055555554,20744.81818181818,4108.0,16717.909090909092,7741.694444444444,2906.1944444444443,0.6325666666666667,4.2553714285714275,1.1349363636363634,2.9604,0.5644636363636363,1.5045857142857142,0.47139117647058826,0.2573424242424242,0.0002,4.5714285714285716e-05,654.969696969697,3604.676470588235,18720.916666666668,133501.63888888888,15274.361111111111,114780.80555555556,138180.88235294117
1219,D1,2,189.0909090909091,263149.30555555556,3469.9444444444443,19113.666666666668,15643.722222222223,3960.8611111111113,4405.583333333333,6411.138888888889,10915.638888888889,16156.138888888889,0.18311666666666668,0.8168611111111111,2.7199147058823527,4.474750000000001,0.46987499999999993,0.8061612903225808,0.2766142857142857,0.6065527777777776,16.60180909090909,21.666742857142857,0.08846285714285715,1.5610722222222222,0.28692222222222225,1.2859800000000001,0.6707114285714286,0.2436764705882353,0.8168833333333333,0.530125,0.43330555555555555,0.35630303030303034,0.15856451612903222,3469.9444444444443,631.5249916666667,2838.4194555555555,1483.2528388888888,534.8288972222222,19113.666666666668,3469.9444444444443,15643.722222222223,8198.027777777777,2957.527777777778,0.6310181818181819,4.474750000000001,1.1147205882352942,3.263794117647059,0.5564636363636364,1.7505533333333334,0.5139138888888888,0.269538888888889,0.00021428571428571425,5.294117647058824e-05,613.9166666666666,3485.4444444444443,19437.694444444445,138277.05555555556,15952.138888888889,118839.41666666667,124258.33333333333
1219,D1,3,192.0,207285.27777777778,3457.3333333333335,17913.305555555555,14455.972222222223,4054.027777777778,4604.166666666667,6955.138888888889,11115.361111111111,15571.277777777777,0.19363714285714284,0.8063428571428571,1.809461111111111,4.193942857142857,0.5294657142857143,0.8433,0.33871875,0.7735705882352941,14.303641666666667,20.586761764705884,0.07598055555555557,1.7419000000000004,0.34992647058823534,1.3771413793103449,0.6906764705882352,0.22991666666666666,0.8063628571428573,0.4705342857142857,0.37999714285714287,0.3318428571428571,0.12631666666666666,3457.3333333333335,673.9324402777778,2783.400899722222,1290.534416388889,445.5699194444444,17913.305555555555,3457.3333333333335,14455.972222222223,6797.944444444444,2342.027777777778,0.5660911764705883,4.193942857142857,0.9112542857142857,2.171361111111111,0.503042857142857,1.0985787878787878,0.3108485714285714,0.0038028571428571378,0.000246875,5.1428571428571436e-05,563.3611111111111,3098.3055555555557,16361.138888888889,110209.33333333333,13263.0,93848.13888888889,96512.63888888889
1219,RD2,1,170.57142857142858,157343.55555555556,3273.3333333333335,15499.361111111111,12226.027777777777,3960.3888888888887,4616.666666666667,7050.444444444444,9960.166666666666,13492.638888888889,0.21149705882352943,0.7884705882352941,1.2093555555555553,3.731942857142857,0.5541472222222222,0.8355294117647059,0.5371942857142857,1.0615333333333334,12.909377142857144,22.967918181818185,0.07575714285714286,2.392752777777778,0.5006088235294118,1.8703527777777782,0.8088138888888889,0.3008235294117647,0.7885029411764706,0.4458527777777779,0.35055833333333325,0.38386111111111115,0.13065714285714283,3273.3333333333335,697.3158425,2576.017494722222,1157.5100722222223,410.2684857142857,15499.361111111111,3273.3333333333335,12226.027777777777,5539.194444444444,1944.0285714285715,0.43565833333333337,3.731942857142857,0.8353555555555556,1.4512222222222222,0.6109147058823531,0.8387514285714285,0.0963,-0.11246388888888889,0.0002666666666666667,0.0001,471.94444444444446,2475.722222222222,12824.305555555555,96260.94444444444,10348.555555555555,83436.69444444444,60610.555555555555
1219,RD2,2,169.6969696969697,200357.55555555556,3549.6388888888887,17800.222222222223,14250.583333333334,4108.5,4644.138888888889,6810.083333333333,10497.055555555555,15124.111111111111,0.197730303030303,0.8017500000000001,1.9575888888888893,4.023205882352941,0.48063999999999996,0.81515,0.35348148148148145,0.7299703703703704,14.021690625,21.592380555555557,0.0808138888888889,1.87115,0.3664103448275862,1.5154074074074073,0.7802676470588236,0.2822352941176471,0.802269696969697,0.51936,0.41646666666666665,0.37482857142857146,0.14777812499999998,3549.6388888888887,709.5998297222222,2840.0390613888885,1450.9788147222223,532.5404083333334,17800.222222222223,3549.6388888888887,14250.583333333334,7303.166666666667,2676.1111111111113,0.5319296296296296,4.023205882352941,1.0877766666666666,2.3490370370370375,0.6087142857142858,1.1864964285714286,0.3729821428571429,0.11422962962962961,0.0002266666666666666,4.545454545454546e-05,556.4444444444445,3078.1666666666665,16906.944444444445,129668.13888888889,13828.833333333334,112761.25,70132.91666666667
1219,RD2,3,179.375,153315.66666666666,3241.777777777778,15288.861111111111,12047.083333333334,3964.6666666666665,4667.277777777777,7076.472222222223,9683.805555555555,13416.444444444445,0.21133125,0.788625,1.1823114285714282,3.666,0.5476083333333333,0.8438228571428571,0.616275,1.112583333333333,13.086519444444443,24.630527777777775,0.06888611111111112,2.536030555555555,0.5587228571428571,1.959836111111111,0.8638382352941177,0.3029444444444444,0.78866875,0.4523916666666667,0.3534111111111111,0.35197428571428574,0.12137714285714288,3241.777777777778,697.1559680555555,2544.6218155555553,1167.1545083333335,394.26998333333336,15288.861111111111,3241.777777777778,12047.083333333334,5605.055555555556,1872.4166666666667,0.41091428571428573,3.666,0.8734833333333332,1.4188857142857143,0.5567514285714287,0.7282085714285714,0.07263055555555556,-0.17574166666666668,0.00022413793103448273,7.1875e-05,464.3333333333333,2409.6111111111113,12762.944444444445,94446.83333333333,10353.444444444445,81683.97222222222,58404.583333333336
1228,CK1,1,226.38888888888889,303173.86666666664,4254.484848484848,24690.852941176472,20476.29411764706,4859.545454545455,5413.878787878788,7912.878787878788,13466.151515151516,22015.666666666668,0.17036666666666667,0.8296388888888887,3.2542250000000004,4.876944444444446,0.44520000000000004,0.85805,0.26657500000000006,0.5873527777777778,14.687431428571426,19.320436363636365,0.06651944444444446,1.5867666666666664,0.2706805555555556,1.3105914285714289,0.7287472222222222,0.18608333333333332,0.8296333333333333,0.5547999999999998,0.4603750000000001,0.2536257142857143,0.11783333333333333,4254.484848484848,727.7288333333332,3526.7560127272727,1951.451625757576,483.7105305555555,24690.852941176472,4254.484848484848,20476.29411764706,11255.971428571429,2843.722222222222,0.6329499999999998,4.876944444444446,1.2538861111111113,3.9050277777777773,0.3408142857142857,1.3580999999999996,0.5840777777777777,0.11803055555555557,0.0002,0.0,804.7647058823529,4557.171428571429,26074.285714285714,161440.66666666666,21714.558823529413,135602.52777777778,136846.51515151514
1228,CK1,2,215.14285714285714,308767.71428571426,4368.235294117647,25937.757575757576,21546.909090909092,4948.1875,5428.4375,7869.032258064516,13760.911764705883,22573.147058823528,0.16872,0.8315294117647057,3.462922222222222,4.929400000000001,0.43945,0.8495194444444444,0.24944571428571435,0.5566083333333334,14.503544444444442,18.33705,0.06793888888888888,1.5225972222222222,0.252046875,1.2651111111111113,0.7084944444444444,0.1902777777777778,0.8312799999999999,0.5605500000000001,0.4657861111111111,0.26829444444444445,0.125025,4368.235294117647,734.2423757575758,3628.519173235294,2051.863548787879,549.0997617647059,25937.757575757576,4368.235294117647,21546.909090909092,12123.666666666666,3244.676470588235,0.6595138888888888,4.929400000000001,1.2780472222222221,4.1555277777777775,0.3676083333333333,1.5279416666666665,0.6222882352941176,0.17908055555555555,0.00019999999999999998,0.0,848.060606060606,4875.848484848485,28100.151515151516,185381.60606060605,23224.424242424244,157281.48484848486,124260.13888888889
1228,CK1,3,202.85714285714286,295374.25,4564.333333333333,26204.9,21640.566666666666,5159.833333333333,5698.633333333333,8075.322580645161,13953.548387096775,23225.5,0.17276666666666665,0.8273611111111111,3.5074222222222224,4.7995833333333335,0.43390606060606063,0.8623861111111111,0.24465277777777786,0.5428888888888889,14.264772222222222,17.683252777777778,0.0708138888888889,1.502736111111111,0.2597583333333333,1.242986111111111,0.7001055555555555,0.17261764705882354,0.8272333333333335,0.5660939393939394,0.469934375,0.24350277777777782,0.11384722222222221,4564.333333333333,749.6674619444444,3767.6431733333343,2111.628683666667,491.33878055555556,26204.9,4564.333333333333,21640.566666666666,12057.290322580646,2838.8888888888887,0.6684249999999999,4.7995833333333335,1.30210625,4.208944444444445,0.32290555555555556,1.34582,0.6169972222222222,0.12319166666666666,0.00019999999999999996,0.0,851.6,4894.2,28046.645161290322,167460.44444444444,23190.870967741936,140483.25,127102.77777777778
1228,D1,1,221.14285714285714,117121.30555555556,2730.3888888888887,13068.305555555555,10337.916666666666,3257.0,3748.5833333333335,5683.972222222223,8617.5,11840.638888888889,0.2185090909090909,0.7814545454545455,1.1636542857142858,3.577685714285714,0.5898028571428572,0.8809571428571429,0.4980939393939394,1.091336111111111,12.0861,19.812642424242426,0.05339117647058824,2.180748484848485,0.49248181818181824,1.7690305555555554,0.6894314285714286,0.19645454545454544,0.7814909090909091,0.4101971428571428,0.31153611111111107,0.29119999999999996,0.09112222222222223,2730.3888888888887,565.3517057142858,2134.6700724999996,882.4204269444444,251.55458333333334,13068.305555555555,2730.3888888888887,10337.916666666666,4450.805555555556,1227.6666666666667,0.4629083333333333,3.577685714285714,0.7174611111111111,1.3964,0.4071375,0.5308457142857143,0.02026285714285713,-0.3305142857142857,0.00035312500000000003,0.00011875000000000001,400.3333333333333,2137.25,10943.861111111111,67126.63888888889,8806.666666666666,56182.88888888889,49594.166666666664
1228,D1,2,223.8235294117647,167308.80555555556,3011.6388888888887,15807.388888888889,12795.75,3495.027777777778,3933.722222222222,5881.222222222223,9746.75,14023.861111111111,0.18829117647058824,0.8116764705882353,2.3381970588235292,4.2836944444444445,0.4895483870967741,0.8594027777777777,0.2949636363636364,0.6570999999999999,13.42777777777778,18.00229444444445,0.05948055555555555,1.6191090909090908,0.30348484848484847,1.3376314285714284,0.6514171428571429,0.18930555555555556,0.8117088235294119,0.5104516129032258,0.4158774193548387,0.2785580645161291,0.11386944444444443,3011.6388888888887,579.8791958333334,2431.759688888889,1134.3791058333334,336.78708888888895,15807.388888888889,3011.6388888888887,12795.75,6060.638888888889,1783.5277777777778,0.6105805555555555,4.2836944444444445,1.028539393939394,2.805794117647058,0.3830166666666666,1.0815000000000001,0.44914375,0.05378064516129032,0.0003147058823529412,6.571428571428571e-05,499.94444444444446,2780.722222222222,14789.361111111111,93967.38888888889,12008.611111111111,79178.02777777778,72841.52777777778
1228,D1,3,205.58823529411765,120921.86111111111,2321.6,12500.055555555555,10069.666666666666,2715.8285714285716,3073.4857142857145,4570.628571428571,7336.257142857143,11131.638888888889,0.19413939393939397,0.8058484848484848,2.1935916666666664,4.034111111111111,0.5381833333333332,0.8630942857142857,0.3204451612903225,0.8620166666666668,12.127466666666667,16.869745454545455,0.05868333333333334,1.7017096774193547,0.34821250000000004,1.451685294117647,0.6621628571428572,0.18464516129032257,0.805860606060606,0.46181666666666665,0.3700055555555556,0.29549090909090914,0.10876666666666666,2321.6,439.1628882352941,1860.2530805714287,891.6333569444446,263.5551722222222,12500.055555555555,2321.6,10069.666666666666,4766.916666666667,1368.4166666666667,0.5779638888888889,4.034111111111111,0.9220166666666668,2.6323333333333334,0.41701875,0.9898694444444445,0.2521944444444444,-0.08699166666666668,0.0003612903225806451,0.00010606060606060606,392.3888888888889,2159.5555555555557,11522.472222222223,75740.94444444444,9362.861111111111,64218.416666666664,44788.61111111111
1228,RD2,1,182.25806451612902,117999.47222222222,2816.75,12803.777777777777,9987.027777777777,3409.25,3955.3611111111113,6169.055555555556,8739.777777777777,11507.5,0.3225971428571428,0.6773714285714285,0.6410694444444444,2.805305555555555,0.6609722222222223,0.8700096774193546,0.61393125,1.3714416666666667,11.721618750000001,22.590619999999998,0.06402941176470588,3.05015625,1.0262687499999998,2.0265083333333336,0.6550638888888887,0.2558387096774194,0.6774028571428571,0.3390277777777777,0.2369777777777778,0.4624470588235294,0.09714193548387096,2816.75,676.6069091666666,2140.1430891666664,859.2961433333335,279.4580083333333,12803.777777777777,2816.75,9987.027777777777,4064.0,1296.2777777777778,0.33886944444444445,2.805305555555555,0.551925,0.7693333333333333,0.6121000000000001,0.5088535714285715,-0.4559142857142857,-0.3116321428571429,0.0003342857142857143,0.00033142857142857133,384.55555555555554,1992.361111111111,9651.111111111111,68334.58333333333,7658.694444444444,58683.5,49280.555555555555
1228,RD2,2,173.61111111111111,84834.36111111111,2638.472222222222,11113.472222222223,8475.0,3351.222222222222,4039.777777777778,6422.222222222223,8394.944444444445,10026.972222222223,0.2435466666666667,0.7565333333333335,0.3989666666666667,2.824305555555556,0.743886111111111,0.8743472222222222,1.0855972222222223,1.810377777777778,9.353777142857144,21.1391875,0.05733888888888889,3.347914705882353,0.7652166666666668,2.3732333333333333,0.5628555555555557,0.2840294117647059,0.7564533333333332,0.2561138888888889,0.18896944444444447,0.5781657142857143,0.08940285714285713,2638.472222222222,672.9053027777777,1965.5669172222224,601.9056683333333,251.3001777777778,11113.472222222223,2638.472222222222,8475.0,2718.527777777778,1086.5,0.31178611111111115,2.824305555555556,0.3801888888888889,0.4788055555555555,0.9115076923076925,0.400141935483871,-0.5998399999999999,-0.38473999999999997,0.0003111111111111111,9.999999999999998e-05,321.05555555555554,1523.4722222222222,6629.861111111111,50543.583333333336,5106.472222222223,43913.583333333336,33969.72222222222
1228,RD2,3,186.06060606060606,110610.13888888889,2816.6666666666665,12359.472222222223,9542.805555555555,3479.972222222222,4116.972222222223,6435.722222222223,8744.444444444445,11079.388888888889,0.25011875,0.74984375,0.5970444444444444,2.903027777777778,0.6571416666666666,0.8632696969696969,0.9103030303030303,1.492679411764706,11.514090625,23.794084375,0.0644125,2.6742827586206896,0.6336551724137931,2.0450233333333334,0.687009375,0.27919354838709676,0.74988125,0.3428583333333333,0.23369722222222217,0.433303125,0.101621875,2816.6666666666665,749.6764879411764,2099.387725,775.4302599999999,281.801875,12359.472222222223,2816.6666666666665,9542.805555555555,3615.027777777778,1280.0833333333333,0.36943125,2.903027777777778,0.5442457142857144,0.7164999999999999,0.5722039999999999,0.40768529411764703,-0.25990625,-0.3351333333333333,0.0002483870967741935,0.000121875,365.19444444444446,1826.638888888889,8590.361111111111,63854.63888888889,6763.694444444444,55264.22222222222,46413.47222222222
1235,CK1,1,215.15151515151516,235575.75,3519.972222222222,20605.36111111111,17085.38888888889,3858.3611111111113,4167.861111111111,5620.527777777777,10322.611111111111,17923.88888888889,0.17067647058823532,0.8293529411764706,5.422205714285714,4.863705882352941,0.3844828571428572,0.8420852941176471,0.17665757575757576,0.38596944444444453,14.056845714285712,13.992077777777777,0.06454722222222223,1.2109764705882353,0.20466111111111113,1.003476470588235,0.6111484848484848,0.15866666666666665,0.8293235294117648,0.6155171428571429,0.5100542857142857,0.26175714285714285,0.1308029411764706,3519.972222222222,601.9951666666667,2917.9770502777774,1754.0020475,457.8130055555555,20605.36111111111,3519.972222222222,17085.38888888889,10282.75,2681.472222222222,0.8257757575757576,4.863705882352941,1.584862857142857,6.506742857142858,0.3514176470588235,2.328848571428572,0.8094176470588234,0.3481828571428571,0.0002612903225806451,3.93939393939394e-05,675.7777777777778,3973.5555555555557,24020.083333333332,161353.55555555556,20046.5,137333.5,73546.38888888889
1235,CK1,2,205.0,218399.86111111112,3407.527777777778,19803.61111111111,16396.083333333332,3776.4444444444443,4116.972222222223,5693.888888888889,10388.555555555555,17348.11111111111,0.1729514285714286,0.8271142857142856,4.384041176470589,4.771249999999998,0.4203484848484848,0.8485857142857144,0.1983714285714286,0.45018857142857144,12.97248181818182,13.382539393939394,0.06178055555555557,1.2725916666666666,0.22103888888888887,1.0515583333333334,0.6077805555555557,0.15927777777777777,0.8270485714285715,0.5796515151515153,0.47916857142857144,0.26091428571428565,0.12518285714285715,3407.527777777778,587.2937916666667,2820.233980833333,1617.8438983333335,422.2335833333334,19803.61111111111,3407.527777777778,16396.083333333332,9415.055555555555,2455.5,0.7821411764705882,4.771249999999998,1.3658333333333335,5.2608235294117645,0.35402857142857136,1.8598176470588235,0.7135885714285715,0.26093428571428573,0.00023103448275862067,5e-05,647.3333333333334,3774.5,22207.916666666668,148490.69444444444,18433.36111111111,126282.94444444444,60327.35294117647
1235,CK1,3,166.0,202871.76470588235,3416.222222222222,19567.027777777777,16150.805555555555,3842.25,4227.222222222223,6039.166666666667,10799.472222222223,17308.166666666668,0.176025,0.824,3.4643057142857145,4.696888888888889,0.45167941176470583,0.8629687500000001,0.22924857142857138,0.5200444444444443,11.55938387096774,13.299051612903225,0.06804722222222223,1.402365714285714,0.2446972222222222,1.1560171428571429,0.6288857142857144,0.15664516129032255,0.8239749999999999,0.5483205882352941,0.4521705882352941,0.25028064516129034,0.113021875,3416.222222222222,598.0258474999999,2818.1963816666666,1529.1697413888887,394.4319861111111,19567.027777777777,3416.222222222222,16150.805555555555,8767.555555555555,2258.8611111111113,0.7201114285714285,4.696888888888889,1.212942857142857,4.157142857142857,0.3343129032258065,1.411039393939394,0.6149294117647058,0.15376285714285712,0.00022758620689655168,5.2777777777777784e-05,635.8888888888889,3664.25,20860.416666666668,135267.55555555556,17196.13888888889,114407.08333333333,54830.166666666664
1235,D1,1,178.4375,116872.44444444444,2904.8611111111113,12864.444444444445,9959.583333333334,3429.277777777778,3931.1111111111113,5749.694444444444,8305.75,11470.861111111111,0.23251034482758623,0.7675172413793104,1.448325,3.005722222222222,0.6058305555555555,0.8575470588235296,0.652190625,1.2128166666666667,11.651163333333333,22.30681470588235,0.06993939393939394,2.4062827586206894,0.5453535714285713,1.8915499999999998,0.6882454545454545,0.27245714285714284,0.7674896551724139,0.39416944444444446,0.283875,0.4146777777777778,0.10339032258064515,2904.8611111111113,729.9385522857142,2148.9474124999997,923.7181969444446,303.67330277777785,12864.444444444445,2904.8611111111113,9959.583333333334,4558.694444444444,1393.5833333333333,0.4212722222222222,3.005722222222222,0.737836111111111,1.7379444444444443,0.654975,0.6286114285714286,-0.28811388888888884,-0.34779705882352946,0.00023548387096774192,0.000125,385.80555555555554,2049.3611111111113,10864.416666666666,77736.88888888889,8815.055555555555,66872.52777777778,35872.0
1235,D1,2,212.5,121168.2,2787.0833333333335,14174.527777777777,11387.444444444445,3117.7714285714287,3512.8285714285716,5299.457142857143,9240.944444444445,12798.194444444445,0.18680625,0.8131249999999999,1.8154441176470588,4.344709677419355,0.5277428571428572,0.8815875,0.320859375,0.72399375,10.426628125,14.550717647058821,0.05139722222222222,1.627069696969697,0.3022125,1.3426225806451615,0.6062454545454545,0.1620909090909091,0.81319375,0.4722571428571429,0.38430000000000003,0.265728125,0.094915625,2787.0833333333335,520.0236780000001,2226.3396697222224,931.9039697222223,258.8046828571428,14174.527777777777,2787.0833333333335,11387.444444444445,4933.583333333333,1319.3714285714286,0.6015413793103448,4.344709677419355,0.8898862068965516,2.178617647058824,0.34650344827586205,0.802559375,0.37091290322580645,-0.09153235294117647,0.00033125,9.999999999999999e-05,443.6111111111111,2440.1388888888887,12530.472222222223,73097.88571428572,10090.333333333334,60970.65714285714,43269.705882352944
1235,D1,3,270.85714285714283,127533.80555555556,2692.6111111111113,14211.444444444445,11518.833333333334,3147.3333333333335,3563.5833333333335,5347.833333333333,8786.361111111111,12751.611111111111,0.181678125,0.81828125,2.4370114285714286,4.524625,0.49559696969696976,0.8671205882352941,0.26522,0.6077100000000001,11.72895588235294,15.17181875,0.05200857142857143,1.5414551724137933,0.27846000000000004,1.2699866666666666,0.6586848484848484,0.17919999999999997,0.8183218750000001,0.5044030303030302,0.4127030303030303,0.26415806451612905,0.10650588235294119,2692.6111111111113,525.5895022222222,2167.0216155555554,993.3573641666667,274.16763888888886,14211.444444444445,2692.6111111111113,11518.833333333334,5425.083333333333,1459.8333333333333,0.6347285714285716,4.524625,1.0203057142857144,2.924342857142858,0.35556666666666653,1.2342833333333332,0.45688787878787884,0.016822222222222225,0.0005138888888888889,0.0001138888888888889,449.3611111111111,2488.0,13274.472222222223,82597.05555555556,10786.555555555555,69322.52777777778,44487.5
1235,RD2,1,133.125,145354.47222222222,3258.6111111111113,16035.583333333334,12776.972222222223,3922.3055555555557,4531.75,6989.138888888889,10360.444444444445,14117.638888888889,0.1957896551724138,0.8041724137931034,1.3098888888888889,4.121896551724138,0.5848583333333334,0.8423542857142857,0.4698,1.1383611111111112,11.47922285714286,18.706176666666668,0.08313428571428572,2.229477419354839,0.41205517241379314,1.8624749999999999,0.7241194444444445,0.24834482758620685,0.8042103448275861,0.4151416666666667,0.3213638888888889,0.342348275862069,0.11502424242424242,3258.6111111111113,692.1947427777777,2566.416367777778,1120.7451841666666,386.53268055555554,16035.583333333334,3258.6111111111113,12776.972222222223,5675.138888888889,1917.9444444444443,0.45094166666666663,4.121896551724138,0.7533138888888888,1.5718888888888891,0.5270000000000001,0.7166515151515153,0.06054705882352939,-0.17426111111111112,0.0003028571428571429,0.00010000000000000002,494.3333333333333,2631.0555555555557,13505.833333333334,98365.72222222222,10874.861111111111,84859.97222222222,46494.305555555555
1235,RD2,2,478.3333333333333,120147.61111111111,2273.4444444444443,9346.2,7150.142857142857,2573.6285714285714,2934.942857142857,4278.085714285714,6268.5142857142855,8250.4,0.23095517241379307,0.7690689655172416,1.1242685714285714,3.337310344827586,0.5556714285714286,0.8438657142857143,0.45636285714285707,0.9249138888888889,17.277651428571428,26.514805714285714,0.04110882352941177,2.0808942857142863,0.4715575757575758,1.6071555555555554,0.6913314285714286,0.2465882352941176,0.769044827586207,0.4443285714285714,0.34505,0.36001818181818185,0.11915428571428571,2273.4444444444443,540.3251680555557,1670.7428988571428,733.892364722222,262.3874694444445,9346.2,2273.4444444444443,7150.142857142857,3181.8055555555557,1129.5833333333333,0.48504857142857144,3.337310344827586,0.82245,1.3491428571428574,0.5651545454545454,0.679325,0.12259117647058823,-0.14339714285714286,0.00037272727272727273,0.0001294117647058824,276.8,1467.857142857143,7842.083333333333,54204.75,6317.611111111111,46362.63888888889,65835.69444444444
1235,RD2,3,232.25806451612902,117463.08333333333,2227.5,10202.722222222223,7975.222222222223,2624.4444444444443,3002.972222222222,4380.194444444444,6409.444444444444,8936.694444444445,0.23868787878787878,0.767625,1.3051257142857142,3.2335277777777773,0.5600416666666665,0.8451,0.5547794117647059,1.0463628571428572,14.362867741935482,23.752243333333332,0.059106451612903226,2.372548484848485,0.5362935483870968,1.7582571428571427,0.730160606060606,0.25283333333333335,0.7613121212121212,0.43995833333333334,0.3186222222222222,0.3503838709677419,0.11725757575757577,2227.5,543.3989766666667,1685.3471091666665,776.0235758333333,265.4135555555556,10202.722222222223,2227.5,7975.222222222223,3793.277777777778,1266.0277777777778,0.4383444444444445,3.2335277777777773,0.8439057142857143,1.5662571428571432,0.5359033333333334,0.7944314285714287,0.05961212121212123,-0.17399117647058823,0.0003066666666666667,0.00013125000000000002,309.27777777777777,1660.7777777777778,8958.222222222223,62096.833333333336,7297.416666666667,53138.694444444445,55449.444444444445
1252,CK1,1,228.4375,273649.9166666667,3611.3055555555557,20772.777777777777,17161.472222222223,3957.777777777778,4277.527777777777,5692.166666666667,10098.222222222223,17577.055555555555,0.17393888888888887,0.8260833333333335,5.202111428571428,4.7545,0.3758055555555556,0.8125942857142857,0.18061515151515153,0.40255555555555556,15.117878787878787,16.03085757575758,0.06709999999999999,1.286575,0.22385,1.0627277777777777,0.6601833333333333,0.1996666666666667,0.8260611111111111,0.6241944444444445,0.5156277777777778,0.2959264705882353,0.15479714285714286,3611.3055555555557,628.213186111111,2983.092378055555,1855.612193888889,554.5482233333335,20772.777777777777,3611.3055555555557,17161.472222222223,10674.555555555555,3195.722222222222,0.7853611111111111,4.7545,1.6856166666666665,6.2425999999999995,0.41803030303030303,2.6287090909090907,0.791263888888889,0.41049428571428576,0.000232258064516129,5.555555555555556e-05,678.8055555555555,3990.0555555555557,24547.61111111111,177607.58333333334,20557.61111111111,153060.08333333334,90704.28571428571
1252,CK1,2,208.4848484848485,264431.9411764706,4862.321428571428,29167.25,24304.928571428572,5398.285714285715,5894.714285714285,8131.107142857143,14634.642857142857,25795.785714285714,0.16709705882352943,0.8332727272727273,4.597642857142858,4.96688888888889,0.4027742857142857,0.8576771428571428,0.2023323529411765,0.4513942857142857,12.268630303030303,13.720648484848486,0.06169722222222221,1.339363888888889,0.22471944444444444,1.1146361111111112,0.6667666666666668,0.1601388888888889,0.8329029411764707,0.5972257142857142,0.4983583333333333,0.23803714285714284,0.11845428571428572,4862.321428571428,803.4368548148149,4051.0752824999995,2421.446756785714,532.2749677419354,29167.25,4862.321428571428,24304.928571428572,14532.607142857143,3191.548387096774,0.7450914285714285,4.96688888888889,1.4866428571428572,5.517085714285714,0.3135571428571428,1.7152735294117647,0.7386971428571428,0.23163714285714282,0.0002,0.0,960.1071428571429,5607.035714285715,33691.892857142855,216305.67857142858,28084.821428571428,175763.0,68387.14285714286
1252,CK1,3,328.3333333333333,268309.5714285714,3985.722222222222,23248.833333333332,19263.11111111111,4456.5,4891.25,6836.583333333333,12175.25,20370.833333333332,0.16805294117647057,0.8319411764705882,4.454475,4.962999999999999,0.40225588235294113,0.8529483870967741,0.20817058823529408,0.4554,13.561915625000001,15.918842424242422,0.06083611111111112,1.3397281250000002,0.2286058823529412,1.115353125,0.6727676470588236,0.16927272727272727,0.8319470588235295,0.5977441176470588,0.4974794117647058,0.24571666666666664,0.12185483870967742,3985.722222222222,667.1491614285715,3297.036436111111,1872.504582222222,489.6718472222222,23248.833333333332,3985.722222222222,19263.11111111111,11073.583333333334,2878.0,0.7427205882352942,4.962999999999999,1.5017235294117646,5.345416666666667,0.3270266666666667,1.7584515151515154,0.7370088235294119,0.2520222222222222,0.00022121212121212121,3.611111111111111e-05,759.75,4405.472222222223,26003.38888888889,169961.27777777778,21597.86111111111,143957.86111111112,101235.42857142857
1252,D1,1,229.66666666666666,138115.48571428572,2361.777777777778,12520.583333333334,10158.805555555555,2642.6666666666665,2892.3055555555557,4076.0833333333335,7201.666666666667,11109.583333333334,0.1891029411764706,0.8108823529411766,2.950702857142857,4.293088235294117,0.471538888888889,0.8597029411764705,0.24718181818181817,0.5242676470588236,13.298975862068966,15.968418181818182,0.05735277777777778,1.3895129032258062,0.26628888888888885,1.13506875,0.6060516129032257,0.1609375,0.8108970588235295,0.528461111111111,0.42796666666666666,0.26557878787878786,0.11521428571428571,2361.777777777778,445.9463416666666,1915.831442777778,1002.7657719444445,266.2246416666667,12520.583333333334,2361.777777777778,10158.805555555555,5318.916666666667,1411.0,0.7090500000000001,4.293088235294117,1.1100323529411764,3.540857142857143,0.3598625,1.3015823529411765,0.5369555555555555,0.10362777777777776,0.0003433333333333333,0.0001,399.6388888888889,2294.8888888888887,12959.666666666666,75489.25714285714,10665.0,62940.25714285715,62464.41176470588
1252,D1,2,181.5625,197355.36111111112,3237.8055555555557,17810.63888888889,14572.833333333334,3576.972222222222,3888.1388888888887,5114.228571428572,9497.25,15433.583333333334,0.18279677419354837,0.8171290322580645,4.221682857142857,4.473838709677419,0.4116090909090909,0.8377942857142858,0.19384062500000002,0.4324030303030303,13.675368571428569,14.755352777777777,0.07572285714285715,1.282479411764706,0.23124705882352942,1.0512441176470586,0.6091857142857143,0.17277142857142858,0.8172032258064517,0.5883909090909091,0.4822393939393939,0.28196176470588236,0.1325457142857143,3237.8055555555557,566.220042857143,2643.366019166667,1491.9691858333333,430.7025388888889,17810.63888888889,3237.8055555555557,14572.833333333334,8313.388888888889,2377.0555555555557,0.7867176470588234,4.473838709677419,1.4284088235294117,5.065971428571428,0.39397941176470586,1.972782857142857,0.7105545454545454,0.2911657142857142,0.0003083333333333333,6.944444444444443e-05,575.1111111111111,3345.0833333333335,19738.055555555555,130545.5,16392.805555555555,110807.30555555556,66234.86111111111
1252,D1,3,341.6666666666667,163506.36111111112,2471.75,13599.75,11128.0,2727.027777777778,2964.1944444444443,4019.6944444444443,7109.25,11756.111111111111,0.18531562499999998,0.8156176470588236,3.899348571428571,4.3988125,0.41723235294117644,0.8307588235294118,0.2094848484848485,0.4604114285714286,14.04901,15.429853333333334,0.06118333333333332,1.3493029411764708,0.24498333333333328,1.1016529411764704,0.6344583333333333,0.1843939393939394,0.8146843749999999,0.5827676470588236,0.47315882352941174,0.29196470588235296,0.13816470588235297,2471.75,450.156025,2021.5939677777778,1177.6316708333334,335.08927222222223,13599.75,2471.75,11128.0,6490.5,1843.638888888889,0.7399757575757576,4.3988125,1.3962428571428571,4.679142857142858,0.41378529411764703,1.9111941176470586,0.6639142857142857,0.2739205882352942,0.00043714285714285714,8.857142857142857e-05,439.19444444444446,2559.3611111111113,15250.472222222223,101734.16666666667,12691.194444444445,86483.77777777778,58780.42857142857
1252,RD2,1,142.64705882352942,218517.83333333334,4895.028571428571,24149.314285714285,19254.285714285714,5947.545454545455,6891.125,9970.9375,15360.454545454546,21300.714285714286,0.20233235294117646,0.7976470588235295,1.6342972222222225,3.9658235294117645,0.5286138888888889,0.8512971428571429,0.43768,0.8993944444444444,11.67110857142857,18.644188235294116,0.08218055555555553,2.107208333333334,0.4167,1.6567416666666666,0.7573444444444444,0.23755882352941177,0.7976676470588235,0.4713861111111112,0.37485000000000007,0.31251470588235297,0.11899166666666666,4895.028571428571,1012.4761953125,3895.2523034285714,1813.0983047222223,577.7705085714285,24149.314285714285,4895.028571428571,19254.285714285714,9044.388888888889,2775.5555555555557,0.4997722222222222,3.9658235294117645,0.9224194444444443,1.9611666666666663,0.46094999999999997,0.8635055555555557,0.2204861111111111,-0.09614444444444445,0.0001606060606060606,2.857142857142857e-05,729.4722222222222,3969.4166666666665,21372.11111111111,149486.27777777778,17402.583333333332,128114.33333333333,70341.6129032258
1252,RD2,2,125.15151515151516,223412.9411764706,4837.176470588235,24984.176470588234,20597.454545454544,5670.205882352941,6460.558823529412,9999.3125,15434.3125,21976.91176470588,0.1931823529411765,0.8068529411764707,1.7780555555555553,4.1805,0.5076055555555556,0.8492228571428573,0.39692352941176473,0.8268714285714287,11.37080588235294,17.986939393939394,0.09098235294117647,1.9769,0.37710000000000005,1.5932205882352943,0.7831264705882353,0.23284375000000002,0.8068176470588235,0.4923944444444444,0.3959527777777778,0.29724375000000003,0.12192499999999996,4837.176470588235,938.9662302941175,3898.210239117647,1869.0548058333334,557.7673194444444,24984.176470588234,4837.176470588235,20597.454545454544,9659.583333333334,2873.3611111111113,0.5052666666666668,4.1805,0.9878222222222222,2.1335555555555556,0.42441249999999997,0.9247916666666666,0.3125,-0.05026944444444444,0.0001575757575757576,0.0,785.4117647058823,4221.171428571429,22532.61111111111,159734.55555555556,18415.88888888889,137201.83333333334,59732.35294117647
1252,RD2,3,124.0625,223202.42857142858,4422.666666666667,23194.527777777777,18771.86111111111,5258.222222222223,6047.583333333333,9355.771428571428,13793.666666666666,20560.0,0.1908242424242424,0.8092424242424242,1.7586388888888889,4.258696969696969,0.5139944444444444,0.8623612903225806,0.4590611111111111,0.9023222222222222,10.728978125000001,17.591468749999997,0.08578823529411764,2.151680555555556,0.4191828571428572,1.7189805555555555,0.8063882352941176,0.23430303030303035,0.8091757575757575,0.4860055555555555,0.39107222222222215,0.29435588235294113,0.1125969696969697,4422.666666666667,848.0243330555556,3663.060797714286,1779.5221555555554,504.1259694444444,23194.527777777777,4422.666666666667,18771.86111111111,9400.861111111111,2634.527777777778,0.4847500000000001,4.258696969696969,0.9731222222222223,2.110361111111111,0.4165575757575758,0.8063885714285712,0.2639583333333333,-0.10202222222222222,0.00017575757575757575,2.857142857142857e-05,730.4166666666666,3981.3055555555557,21832.194444444445,150131.66666666666,17850.944444444445,128299.5,54018.67647058824
1257,CK1,1,172.28571428571428,163652.52777777778,3249.3888888888887,17780.444444444445,14531.055555555555,3712.5833333333335,3969.2285714285713,5773.4,10164.0,15886.638888888889,0.17479090909090908,0.8252424242424241,3.2610470588235296,4.726636363636363,0.43205757575757575,0.8707322580645163,0.2346787878787879,0.5287454545454545,11.641231428571425,14.326208823529411,0.0756542857142857,1.4634969696969697,0.2557878787878788,1.2199323529411765,0.6736558823529412,0.16068749999999998,0.8252090909090909,0.5679424242424242,0.4686757575757576,0.23493870967741937,0.10486333333333335,3249.3888888888887,570.2825394285715,2645.2563783333335,1353.7921899999997,344.6070527777778,17780.444444444445,3249.3888888888887,14531.055555555555,7616.444444444444,1893.8055555555557,0.6661545454545454,4.726636363636363,1.314075,3.9132352941176465,0.3080032258064516,1.266329411764706,0.6342515151515151,0.08489428571428571,0.00026875,4.848484848484849e-05,570.1111111111111,3225.8333333333335,17918.972222222223,121465.02777777778,14693.194444444445,103546.08333333333,39039.117647058825
1257,CK1,2,175.15151515151516,167118.25,3110.9166666666665,17355.583333333332,14244.666666666666,3512.5555555555557,3882.8888888888887,5526.388888888889,9392.666666666666,15454.166666666666,0.1781257142857143,0.8219714285714286,3.692254285714286,4.624428571428572,0.4235285714285715,0.8647147058823529,0.22569999999999996,0.5058857142857142,12.09638823529412,14.146808823529412,0.06906111111111111,1.4359514285714285,0.2558485714285714,1.1800914285714286,0.6742,0.15970967741935482,0.8218742857142858,0.5764714285714285,0.47389142857142863,0.23810294117647057,0.11091176470588235,3110.9166666666665,560.6541669444445,2550.262506111111,1414.8330816666667,339.83126111111113,17355.583333333332,3110.9166666666665,14244.666666666666,7962.916666666667,1901.4166666666667,0.7032027777777778,4.624428571428572,1.3861657142857142,4.430685714285715,0.3129941176470588,1.372791176470588,0.6471542857142858,0.13515588235294118,0.00034117647058823526,5.588235294117648e-05,560.2777777777778,3211.5833333333335,18504.5,123850.16666666667,15293.111111111111,105345.61111111111,42707.77777777778
1257,CK1,3,141.29032258064515,166238.97222222222,3153.277777777778,17465.972222222223,14312.694444444445,3607.5833333333335,4043.25,5753.027777777777,9499.388888888889,15613.222222222223,0.17666451612903225,0.8234193548387095,3.740996774193549,4.64571875,0.41996774193548386,0.8702028571428572,0.22699375,0.49965161290322574,11.588664285714284,13.828813333333335,0.07598888888888888,1.440978125,0.2523806451612904,1.184996875,0.6882457142857142,0.15840625,0.8233354838709677,0.5800322580645162,0.4776354838709677,0.2327645161290323,0.10774848484848484,3153.277777777778,579.3761469444444,2573.9016308333335,1412.8072911111112,331.44542777777775,17465.972222222223,3153.277777777778,14312.694444444445,7966.583333333333,1852.75,0.6923800000000001,4.64571875,1.3980000000000001,4.489258064516129,0.30419032258064516,1.2290628571428572,0.6586677419354839,0.130146875,0.000284375,7.142857142857143e-05,562.0833333333334,3189.5833333333335,18398.583333333332,124448.55555555556,15209.166666666666,106049.94444444444,38178.0
1257,D1,1,195.0,179953.52777777778,2961.6111111111113,16884.555555555555,13922.944444444445,3365.6388888888887,3735.222222222222,5434.805555555556,9552.166666666666,14903.277777777777,0.17612571428571427,0.8238571428571427,2.90494,4.669388888888888,0.47488484848484847,0.8610972222222224,0.25600322580645163,0.5736290322580646,12.843938235294118,15.864635294117647,0.06682222222222223,1.511114705882353,0.26066764705882356,1.2449823529411765,0.6358657142857143,0.17152777777777775,0.8238742857142856,0.5251151515151514,0.4358941176470589,0.2653666666666667,0.11445833333333333,2961.6111111111113,520.2177722222222,2441.3933366666665,1284.556294166667,345.7121694444445,16884.555555555555,2961.6111111111113,13922.944444444445,7332.388888888889,1981.2777777777778,0.6650121212121213,4.669388888888888,1.090902857142857,3.4859714285714287,0.3653805555555556,1.298217142857143,0.5426454545454545,0.08271666666666666,0.00031764705882352944,6.944444444444443e-05,547.25,3126.25,17534.944444444445,110102.05555555556,14408.694444444445,92567.02777777778,69304.30555555556
1257,D1,2,190.85714285714286,162824.55555555556,2614.8333333333335,14955.083333333334,12340.25,3029.6111111111113,3403.5833333333335,5096.25,8776.222222222223,13161.666666666666,0.17625757575757575,0.8237575757575758,2.269057142857143,4.660294117647059,0.50099375,0.8623142857142857,0.28802812499999997,0.6525375,12.846648484848485,16.786040625,0.06826111111111112,1.5716656249999998,0.2791032258064516,1.295121875,0.6369441176470589,0.18971428571428572,0.8237424242424242,0.49900625,0.4115,0.28075625000000004,0.11477777777777777,2614.8333333333335,459.3389555555555,2155.494376388889,1073.0312616666663,311.23857499999997,14955.083333333334,2614.8333333333335,12340.25,6178.861111111111,1793.4166666666667,0.643675,4.660294117647059,0.9725882352941175,2.722885714285715,0.3849935483870967,1.081294117647059,0.47562187499999997,0.02096666666666667,0.00043142857142857143,0.00010000000000000002,483.3333333333333,2725.5555555555557,14878.888888888889,95463.38888888889,12153.472222222223,80584.47222222222,66877.91666666667
1257,D1,3,204.66666666666666,155883.36111111112,2559.777777777778,14530.611111111111,11970.833333333334,2953.3611111111113,3304.972222222222,4928.138888888889,8453.083333333334,12956.25,0.17394333333333334,0.8261000000000001,2.60926875,4.733161290322581,0.4841896551724138,0.8666971428571428,0.27560714285714283,0.617344827586207,12.590475,17.275356666666667,0.05908285714285715,1.5395655172413796,0.2677103448275862,1.2718586206896556,0.6467400000000001,0.1783125,0.8260566666666667,0.5158103448275861,0.4262551724137932,0.27194375000000004,0.10239411764705882,2559.777777777778,463.2869861111111,2096.4907927777776,1055.1507191666665,274.68045833333343,14530.611111111111,2559.777777777778,11970.833333333334,6077.527777777777,1574.361111111111,0.6463300000000002,4.733161290322581,1.0367387096774194,3.13115625,0.36185666666666677,0.9580323529411766,0.5188068965517242,-0.020944117647058814,0.00036129032258064514,7.666666666666667e-05,469.19444444444446,2650.8055555555557,14605.777777777777,88576.91666666667,11954.972222222223,73971.19444444444,66868.61111111111
1257,RD2,1,152.28571428571428,173119.30555555556,3552.8333333333335,18828.38888888889,15275.555555555555,4210.083333333333,4819.972222222223,7340.25,11618.611111111111,16742.416666666668,0.18155517241379313,0.8184137931034482,1.897937142857143,4.492800000000001,0.5379583333333332,0.8625205882352942,0.35921875000000003,0.795209090909091,11.413345714285713,16.74348125,0.07620277777777777,1.7965843750000001,0.332825,1.4904242424242424,0.6982194444444444,0.1988125,0.8184448275862068,0.4620416666666667,0.39711874999999996,0.272675,0.11136857142857143,3552.8333333333335,699.69763,2870.4385219444443,1334.2577055555555,392.5755611111111,18828.38888888889,3552.8333333333335,15275.555555555555,7209.777777777777,2085.972222222222,0.5425555555555556,4.492800000000001,0.8898971428571428,2.2775999999999996,0.3756571428571429,0.9261657142857143,0.375275,-0.08982857142857144,0.00023939393939393942,5.588235294117647e-05,594.7222222222222,3254.972222222222,17261.222222222223,113517.77777777778,14006.222222222223,96256.52777777778,60445.71428571428
1257,RD2,2,147.42857142857142,164916.58333333334,3634.5,19645.333333333332,16010.833333333334,4460.111111111111,5230.75,8317.416666666666,12421.111111111111,17617.555555555555,0.18420588235294116,0.8162727272727271,1.5208972222222223,4.433705882352942,0.5536,0.8738194444444445,0.4919,0.9963666666666666,10.243311111111112,17.37203529411764,0.06920833333333332,2.1747277777777776,0.39895428571428576,1.768258333333333,0.7719,0.21485714285714283,0.8157941176470588,0.4464000000000001,0.3635444444444445,0.2789142857142857,0.10270000000000001,3634.5,673.507368888889,2960.992627777778,1333.0858327777778,374.40955,19645.333333333332,3634.5,16010.833333333334,7224.222222222223,1980.4,0.47496944444444444,4.433705882352942,0.8303583333333333,1.8251388888888884,0.3879371428571429,0.7216722222222223,0.21611111111111111,-0.19035555555555556,0.00023125,4.722222222222223e-05,619.3611111111111,3296.6944444444443,17083.555555555555,104876.76470588235,13786.777777777777,88546.29411764706,54233.61111111111
1257,RD2,3,142.58064516129033,138800.08333333334,2928.5,15308.666666666666,12380.166666666666,3460.722222222222,3964.5833333333335,5957.527777777777,9300.166666666666,13620.805555555555,0.18332142857142855,0.8166428571428571,1.6533314285714282,4.469107142857143,0.49374999999999997,0.853977777777778,0.34712333333333334,0.797071875,11.643937142857142,18.128372727272726,0.07664,1.8145535714285714,0.3360857142857143,1.513378125,0.7389294117647058,0.2156451612903226,0.8166785714285714,0.50625,0.4125964285714285,0.28386206896551724,0.10974166666666667,2928.5,588.6525225,2339.847482222222,1119.3881250000002,320.42893611111117,15308.666666666666,2928.5,12380.166666666666,6008.5,1687.861111111111,0.5580214285714286,4.469107142857143,1.000217857142857,1.984057142857143,0.3890857142857142,0.7756176470588236,0.40053571428571433,-0.0668258064516129,0.00033529411764705885,5.333333333333334e-05,482.25,2640.8611111111113,14171.444444444445,93060.97222222222,11530.638888888889,78889.66666666667,45256.805555555555
1274,CK1,1,222.5,192794.66666666666,3053.5833333333335,16882.305555555555,13828.722222222223,3465.1388888888887,3842.3333333333335,5568.527777777777,9672.277777777777,15072.666666666666,0.17976969696969694,0.8202121212121212,2.9596272727272726,4.574424242424242,0.466871875,0.867148275862069,0.26493928571428565,0.5604303030303032,13.466831249999998,16.67813333333333,0.06019142857142857,1.4692757575757576,0.26386666666666664,1.2267529411764706,0.6481935483870969,0.16149999999999998,0.8202303030303031,0.533128125,0.43748437500000004,0.24950909090909087,0.1087,3053.5833333333335,555.1700333333333,2498.4132999999997,1296.5933513888892,327.0263083333333,16882.305555555555,3053.5833333333335,13828.722222222223,7210.027777777777,1809.638888888889,0.6733617647058823,4.574424242424242,1.1477,3.5515454545454546,0.32981875000000005,1.1726971428571429,0.55153125,0.06177352941176471,0.00029333333333333327,5.161290322580645e-05,543.2222222222222,3096.5833333333335,17228.805555555555,105568.75,14132.25,88339.94444444444,86682.77777777778
1274,CK1,2,223.14285714285714,223318.7142857143,4037.5,22623.0,18585.5,4649.129032258064,5153.645161290323,7419.28125,13018.75,20304.125,0.17836944444444447,0.8216944444444443,2.846842857142858,4.615222222222222,0.47850277777777783,0.8754861111111111,0.26620000000000005,0.5905277777777778,13.563200000000002,16.481774999999995,0.061186111111111115,1.4945444444444445,0.2669194444444444,1.2276333333333336,0.6403971428571429,0.1526944444444444,0.8216305555555555,0.5214972222222224,0.43081142857142857,0.2389416666666667,0.10226388888888889,4037.5,721.730540625,3363.8996867741944,1654.1179397058822,414.25677187499997,22623.0,4037.5,18585.5,9462.212121212122,2318.875,0.6697285714285715,4.615222222222222,1.1007666666666667,3.416228571428571,0.31585,1.089041666666667,0.5291361111111111,0.023063888888888894,0.00019999999999999996,3.888888888888889e-05,730.4375,4165.65625,22661.515151515152,136332.4411764706,18560.939393939392,114079.23529411765,95138.57142857143
1274,CK1,3,222.85714285714286,254331.36111111112,4132.588235294118,23741.323529411766,19768.39393939394,4717.323529411765,5292.757575757576,7883.0,13692.96875,21393.515151515152,0.17402777777777778,0.8259722222222222,2.8531057142857144,4.752222222222222,0.47380555555555554,0.871077142857143,0.2683857142857143,0.6136228571428571,13.294580000000002,17.036427777777774,0.06137142857142858,1.5483166666666666,0.2692083333333334,1.2791055555555557,0.6677999999999998,0.1625294117647059,0.8259722222222223,0.5261944444444446,0.43461666666666665,0.24763055555555555,0.10652857142857143,4132.588235294118,711.6162771428571,3412.4723973529412,1767.5852488571427,425.1900121212121,23741.323529411766,4132.588235294118,19768.39393939394,10269.441176470587,2495.030303030303,0.6465000000000001,4.752222222222222,1.1069485714285712,3.4237428571428574,0.3307027777777778,1.0960970588235293,0.5338972222222224,0.033861764705882355,0.0002,0.0,776.4242424242424,4387.794117647059,24338.441176470587,148586.70588235295,19950.58823529412,124248.20588235294,108243.19444444444
1274,D1,1,194.24242424242425,146536.69444444444,3227.4444444444443,16179.666666666666,12952.222222222223,3541.2285714285713,3940.9142857142856,5504.705882352941,10084.472222222223,14450.166666666666,0.18670333333333333,0.8132666666666668,2.555631034482759,4.341419354838709,0.47952333333333336,0.864578787878788,0.272051724137931,0.6085225806451612,11.300306249999998,14.988370588235295,0.06129722222222221,1.5349906249999998,0.2869967741935484,1.2940305555555556,0.641239393939394,0.1776,0.8132966666666666,0.5204766666666667,0.42593103448275865,0.27260625,0.10844848484848484,3227.4444444444443,571.8717814705882,2563.398235833333,1158.0523222222223,340.73319444444445,16179.666666666666,3227.4444444444443,12952.222222222223,6095.194444444444,1729.5,0.6327588235294117,4.341419354838709,1.0918999999999999,3.0666896551724143,0.37774375,1.0403875,0.48635000000000006,0.03568709677419356,0.0003242424242424242,4.8387096774193554e-05,506.5833333333333,2826.3055555555557,14919.0,97950.86111111111,12092.611111111111,83031.66666666667,46201.142857142855
1274,D1,2,182.05882352941177,150488.47222222222,3635.3333333333335,17919.694444444445,14284.361111111111,4253.805555555556,4819.472222222223,7253.777777777777,11640.777777777777,16089.083333333334,0.19349677419354838,0.80658064516129,2.0329823529411764,4.139151515151514,0.4948172413793102,0.8717484848484849,0.30845862068965524,0.6807709677419356,10.655974193548388,14.672538235294118,0.061955555555555555,1.6393870967741937,0.3079551724137931,1.316793548387097,0.639234375,0.18077142857142858,0.8065032258064516,0.5051827586206897,0.4091448275862069,0.26296896551724136,0.10273235294117647,3635.3333333333335,723.1731562857143,2880.343155277778,1217.1177691666667,367.76077222222216,17919.694444444445,3635.3333333333335,14284.361111111111,6278.916666666667,1830.611111111111,0.598953125,4.139151515151514,1.0064703703703703,2.439558823529412,0.3528821428571428,0.9063382352941176,0.4327999999999999,-0.042582352941176474,0.00020344827586206895,3.93939393939394e-05,556.0555555555555,3038.4166666666665,15602.0,101271.88888888889,12563.611111111111,85669.88888888889,48660.555555555555
1274,D1,3,196.47058823529412,156626.77777777778,3244.3333333333335,16548.777777777777,13304.444444444445,3745.1944444444443,4201.527777777777,6021.914285714286,10425.138888888889,14620.555555555555,0.18399655172413792,0.8160000000000001,2.496783333333333,4.440758620689656,0.49558333333333326,0.8544588235294117,0.2737366666666667,0.6249466666666667,12.015202777777777,15.627579411764703,0.0629527777777778,1.5403799999999999,0.2799551724137931,1.281340625,0.627053125,0.18386206896551724,0.816003448275862,0.5044166666666666,0.41423793103448275,0.29727096774193545,0.11839166666666667,3244.3333333333335,616.6799834285715,2594.5633975,1157.6724733333335,375.4503527777777,16548.777777777777,3244.3333333333335,13304.444444444445,6123.638888888889,1928.2222222222222,0.6503,4.440758620689656,1.0111677419354839,2.9962666666666675,0.42510967741935485,1.187385294117647,0.4794482758620689,0.06175454545454546,0.0002727272727272727,5.882352941176471e-05,519.8055555555555,2890.8611111111113,15107.694444444445,102131.88888888889,12216.722222222223,87024.27777777778,53975.0
1274,RD2,1,156.36363636363637,108759.08333333333,3041.7714285714287,14427.666666666666,11460.0,3712.8611111111113,4392.5,7136.972222222223,10104.305555555555,13142.5,0.204071875,0.79590625,0.8034500000000001,3.829457142857143,0.6275757575757575,0.8826742857142857,0.6275166666666667,1.2668111111111116,9.71125294117647,18.46800303030303,0.06205277777777778,2.4689685714285714,0.5174029411764706,1.9789030303030302,0.7158,0.21954545454545454,0.795928125,0.37242424242424244,0.29550000000000004,0.28842,0.0929861111111111,3041.7714285714287,631.2300151515151,2346.8313875,868.2771869444446,272.93704571428566,14427.666666666666,3041.7714285714287,11460.0,4323.361111111111,1285.1666666666667,0.4093571428571428,3.829457142857143,0.5990705882352941,0.9640882352941178,0.4118866666666666,0.4298354838709677,-0.04282571428571428,-0.3581121212121212,0.000265625,9.999999999999999e-05,439.1111111111111,2233.5555555555557,10488.111111111111,67021.88888888889,8254.5,56533.97222222222,42826.833333333336
1274,RD2,2,147.14285714285714,130900.35483870968,3264.9444444444443,16880.515151515152,13770.90625,4059.6111111111113,4784.361111111111,7701.222222222223,11445.35294117647,15382.636363636364,0.20293548387096771,0.797258064516129,0.8330583333333332,3.9154375000000003,0.6166909090909092,0.8884531250000001,0.560984375,1.1896151515151516,9.441103030303028,17.612109375,0.06558888888888888,2.36995,0.484884375,1.9084636363636363,0.7109861111111111,0.2096875,0.7970645161290322,0.38330909090909093,0.30848125000000004,0.292384375,0.08919117647058823,3264.9444444444443,765.3732054838708,2624.499314857143,975.7113863888889,290.0882194444445,16880.515151515152,3264.9444444444443,13770.90625,4781.472222222223,1429.8,0.4232939393939394,3.9154375000000003,0.601736111111111,0.9997777777777779,0.40090999999999993,0.41767499999999996,0.019340625000000007,-0.38360571428571427,0.0002484848484848485,9.999999999999999e-05,541.0967741935484,2712.6875,11542.166666666666,77689.82352941176,9107.194444444445,65504.58823529412,42002.916666666664
1274,RD2,3,149.42857142857142,97512.77777777778,2723.3888888888887,12794.361111111111,10070.972222222223,3404.9166666666665,4042.1388888888887,6490.972222222223,8961.833333333334,11585.5,0.2364969696969697,0.7635151515151515,0.6185055555555556,3.2321666666666666,0.6665194444444444,0.8709285714285714,0.8138111111111113,1.5069222222222223,9.968073529411765,22.125513888888893,0.0675114285714286,3.082648571428571,0.7407575757575757,2.2140555555555554,0.7228000000000001,0.2959722222222222,0.7635030303030304,0.3334805555555555,0.25286388888888894,0.441325,0.09565714285714286,2723.3888888888887,605.6025194444444,2117.786365,790.1727961111111,258.1682722222222,12794.361111111111,2723.3888888888887,10070.972222222223,3832.527777777778,1208.861111111111,0.34863888888888883,3.2321666666666666,0.5221472222222223,0.7421944444444445,0.9904852941176472,0.4323193548387097,-0.3239583333333333,-0.3630333333333333,0.00035142857142857144,0.00010344827586206895,385.1666666666667,1941.611111111111,9150.972222222223,60887.36111111111,7209.305555555556,51736.444444444445,36625.416666666664
